"clust","GeneID","GO"
"Cluster_05","Lsat_1_v5_gn_0_10121","GO:0005634"
"Cluster_05","Lsat_1_v5_gn_0_1041","GO:0008270"
"Cluster_05","Lsat_1_v5_gn_0_1041","GO:0016491"
"Cluster_05","Lsat_1_v5_gn_0_1041","GO:0016747"
"Cluster_05","Lsat_1_v5_gn_0_1041","GO:0055114"
"Cluster_05","Lsat_1_v5_gn_0_10961","GO:0003735"
"Cluster_05","Lsat_1_v5_gn_0_10961","GO:0005622"
"Cluster_05","Lsat_1_v5_gn_0_10961","GO:0005840"
"Cluster_05","Lsat_1_v5_gn_0_10961","GO:0006412"
"Cluster_05","Lsat_1_v5_gn_0_10961","GO:0008152"
"Cluster_05","Lsat_1_v5_gn_0_10961","GO:0016746"
"Cluster_05","Lsat_1_v5_gn_0_15420","GO:0003735"
"Cluster_05","Lsat_1_v5_gn_0_15420","GO:0005622"
"Cluster_05","Lsat_1_v5_gn_0_15420","GO:0005840"
"Cluster_05","Lsat_1_v5_gn_0_15420","GO:0006412"
"Cluster_05","Lsat_1_v5_gn_0_17620","GO:0005524"
"Cluster_05","Lsat_1_v5_gn_0_17620","GO:0015991"
"Cluster_05","Lsat_1_v5_gn_0_17620","GO:0015992"
"Cluster_05","Lsat_1_v5_gn_0_17620","GO:0016820"
"Cluster_05","Lsat_1_v5_gn_0_17620","GO:0033178"
"Cluster_05","Lsat_1_v5_gn_0_17620","GO:0046034"
"Cluster_05","Lsat_1_v5_gn_0_24701","GO:0000786"
"Cluster_05","Lsat_1_v5_gn_0_24701","GO:0003677"
"Cluster_05","Lsat_1_v5_gn_0_24701","GO:0005634"
"Cluster_05","Lsat_1_v5_gn_0_24701","GO:0006334"
"Cluster_05","Lsat_1_v5_gn_0_2580","GO:0015002"
"Cluster_05","Lsat_1_v5_gn_0_2580","GO:0016020"
"Cluster_05","Lsat_1_v5_gn_0_2580","GO:0019646"
"Cluster_05","Lsat_1_v5_gn_0_25980","GO:0005742"
"Cluster_05","Lsat_1_v5_gn_0_25980","GO:0045040"
"Cluster_05","Lsat_1_v5_gn_0_28780","GO:0005524"
"Cluster_05","Lsat_1_v5_gn_0_28780","GO:0015991"
"Cluster_05","Lsat_1_v5_gn_0_28780","GO:0015992"
"Cluster_05","Lsat_1_v5_gn_0_28780","GO:0016820"
"Cluster_05","Lsat_1_v5_gn_0_28780","GO:0033178"
"Cluster_05","Lsat_1_v5_gn_0_28780","GO:0046034"
"Cluster_05","Lsat_1_v5_gn_0_35060","GO:0000276"
"Cluster_05","Lsat_1_v5_gn_0_35060","GO:0015078"
"Cluster_05","Lsat_1_v5_gn_0_35060","GO:0015986"
"Cluster_05","Lsat_1_v5_gn_0_37780","GO:0003735"
"Cluster_05","Lsat_1_v5_gn_0_37780","GO:0005622"
"Cluster_05","Lsat_1_v5_gn_0_37780","GO:0005840"
"Cluster_05","Lsat_1_v5_gn_0_37780","GO:0006412"
"Cluster_05","Lsat_1_v5_gn_0_38040","GO:0003735"
"Cluster_05","Lsat_1_v5_gn_0_38040","GO:0005622"
"Cluster_05","Lsat_1_v5_gn_0_38040","GO:0005840"
"Cluster_05","Lsat_1_v5_gn_0_38040","GO:0006412"
"Cluster_05","Lsat_1_v5_gn_0_38040","GO:0019843"
"Cluster_05","Lsat_1_v5_gn_0_41560","GO:0003735"
"Cluster_05","Lsat_1_v5_gn_0_41560","GO:0005622"
"Cluster_05","Lsat_1_v5_gn_0_41560","GO:0005840"
"Cluster_05","Lsat_1_v5_gn_0_41560","GO:0006412"
"Cluster_05","Lsat_1_v5_gn_0_44400","GO:0009055"
"Cluster_05","Lsat_1_v5_gn_0_44400","GO:0016020"
"Cluster_05","Lsat_1_v5_gn_0_44400","GO:0016491"
"Cluster_05","Lsat_1_v5_gn_0_44400","GO:0022904"
"Cluster_05","Lsat_1_v5_gn_0_46600","GO:0003735"
"Cluster_05","Lsat_1_v5_gn_0_46600","GO:0005622"
"Cluster_05","Lsat_1_v5_gn_0_46600","GO:0005840"
"Cluster_05","Lsat_1_v5_gn_0_46600","GO:0006412"
"Cluster_05","Lsat_1_v5_gn_0_46600","GO:0015935"
"Cluster_05","Lsat_1_v5_gn_0_4721","GO:0004417"
"Cluster_05","Lsat_1_v5_gn_0_4721","GO:0009228"
"Cluster_05","Lsat_1_v5_gn_0_6400","GO:0004097"
"Cluster_05","Lsat_1_v5_gn_0_6400","GO:0008152"
"Cluster_05","Lsat_1_v5_gn_0_6400","GO:0016491"
"Cluster_05","Lsat_1_v5_gn_0_6400","GO:0055114"
"Cluster_05","Lsat_1_v5_gn_0_9241","GO:0005515"
"Cluster_05","Lsat_1_v5_gn_1_10560","GO:0000244"
"Cluster_05","Lsat_1_v5_gn_1_10560","GO:0000398"
"Cluster_05","Lsat_1_v5_gn_1_10560","GO:0046540"
"Cluster_05","Lsat_1_v5_gn_1_107461","GO:0005215"
"Cluster_05","Lsat_1_v5_gn_1_107461","GO:0005743"
"Cluster_05","Lsat_1_v5_gn_1_107461","GO:0006810"
"Cluster_05","Lsat_1_v5_gn_1_107461","GO:0055085"
"Cluster_05","Lsat_1_v5_gn_1_110661","GO:0009522"
"Cluster_05","Lsat_1_v5_gn_1_110661","GO:0009579"
"Cluster_05","Lsat_1_v5_gn_1_110661","GO:0015979"
"Cluster_05","Lsat_1_v5_gn_1_110661","GO:0016021"
"Cluster_05","Lsat_1_v5_gn_1_110780","GO:0016747"
"Cluster_05","Lsat_1_v5_gn_1_113160","GO:0006729"
"Cluster_05","Lsat_1_v5_gn_1_113160","GO:0008124"
"Cluster_05","Lsat_1_v5_gn_1_118620","GO:0003677"
"Cluster_05","Lsat_1_v5_gn_1_118620","GO:0003899"
"Cluster_05","Lsat_1_v5_gn_1_118620","GO:0006351"
"Cluster_05","Lsat_1_v5_gn_1_118620","GO:0032549"
"Cluster_05","Lsat_1_v5_gn_1_12360","GO:0033926"
"Cluster_05","Lsat_1_v5_gn_1_12380","GO:0003735"
"Cluster_05","Lsat_1_v5_gn_1_12380","GO:0005622"
"Cluster_05","Lsat_1_v5_gn_1_12380","GO:0005840"
"Cluster_05","Lsat_1_v5_gn_1_12380","GO:0006412"
"Cluster_05","Lsat_1_v5_gn_1_12380","GO:0015935"
"Cluster_05","Lsat_1_v5_gn_1_124381","GO:0005515"
"Cluster_05","Lsat_1_v5_gn_1_124381","GO:0008270"
"Cluster_05","Lsat_1_v5_gn_1_13001","GO:0003676"
"Cluster_05","Lsat_1_v5_gn_1_13001","GO:0004386"
"Cluster_05","Lsat_1_v5_gn_1_13001","GO:0005524"
"Cluster_05","Lsat_1_v5_gn_1_13001","GO:0008026"
"Cluster_05","Lsat_1_v5_gn_1_13261","GO:0005634"
"Cluster_05","Lsat_1_v5_gn_1_13261","GO:0006334"
"Cluster_05","Lsat_1_v5_gn_1_13281","GO:0005634"
"Cluster_05","Lsat_1_v5_gn_1_13281","GO:0006355"
"Cluster_05","Lsat_1_v5_gn_1_13281","GO:0008270"
"Cluster_05","Lsat_1_v5_gn_1_14180","GO:0009055"
"Cluster_05","Lsat_1_v5_gn_1_14180","GO:0016651"
"Cluster_05","Lsat_1_v5_gn_1_14180","GO:0042773"
"Cluster_05","Lsat_1_v5_gn_1_14180","GO:0051536"
"Cluster_05","Lsat_1_v5_gn_1_14180","GO:0055114"
"Cluster_05","Lsat_1_v5_gn_1_15581","GO:0003723"
"Cluster_05","Lsat_1_v5_gn_1_15581","GO:0005730"
"Cluster_05","Lsat_1_v5_gn_1_18841","GO:0016020"
"Cluster_05","Lsat_1_v5_gn_1_18841","GO:0016021"
"Cluster_05","Lsat_1_v5_gn_1_18841","GO:0022857"
"Cluster_05","Lsat_1_v5_gn_1_18841","GO:0022891"
"Cluster_05","Lsat_1_v5_gn_1_18841","GO:0055085"
"Cluster_05","Lsat_1_v5_gn_1_20400","GO:0003824"
"Cluster_05","Lsat_1_v5_gn_1_20400","GO:0044237"
"Cluster_05","Lsat_1_v5_gn_1_20400","GO:0050662"
"Cluster_05","Lsat_1_v5_gn_1_22481","GO:0005515"
"Cluster_05","Lsat_1_v5_gn_1_22901","GO:0003682"
"Cluster_05","Lsat_1_v5_gn_1_24200","GO:0009116"
"Cluster_05","Lsat_1_v5_gn_1_24721","GO:0008152"
"Cluster_05","Lsat_1_v5_gn_1_24721","GO:0016491"
"Cluster_05","Lsat_1_v5_gn_1_25341","GO:0003735"
"Cluster_05","Lsat_1_v5_gn_1_25341","GO:0005622"
"Cluster_05","Lsat_1_v5_gn_1_25341","GO:0005840"
"Cluster_05","Lsat_1_v5_gn_1_25341","GO:0006412"
"Cluster_05","Lsat_1_v5_gn_1_25420","GO:0003735"
"Cluster_05","Lsat_1_v5_gn_1_25420","GO:0005622"
"Cluster_05","Lsat_1_v5_gn_1_25420","GO:0005840"
"Cluster_05","Lsat_1_v5_gn_1_25420","GO:0006412"
"Cluster_05","Lsat_1_v5_gn_1_29040","GO:0003676"
"Cluster_05","Lsat_1_v5_gn_1_2921","GO:0005524"
"Cluster_05","Lsat_1_v5_gn_1_2921","GO:0015991"
"Cluster_05","Lsat_1_v5_gn_1_2921","GO:0016820"
"Cluster_05","Lsat_1_v5_gn_1_2921","GO:0033178"
"Cluster_05","Lsat_1_v5_gn_1_29220","GO:0003735"
"Cluster_05","Lsat_1_v5_gn_1_29220","GO:0005622"
"Cluster_05","Lsat_1_v5_gn_1_29220","GO:0005840"
"Cluster_05","Lsat_1_v5_gn_1_29220","GO:0006412"
"Cluster_05","Lsat_1_v5_gn_1_29220","GO:0015934"
"Cluster_05","Lsat_1_v5_gn_1_29241","GO:0003746"
"Cluster_05","Lsat_1_v5_gn_1_29241","GO:0005853"
"Cluster_05","Lsat_1_v5_gn_1_29241","GO:0006414"
"Cluster_05","Lsat_1_v5_gn_1_38141","GO:0003700"
"Cluster_05","Lsat_1_v5_gn_1_38141","GO:0006355"
"Cluster_05","Lsat_1_v5_gn_1_38660","GO:0015078"
"Cluster_05","Lsat_1_v5_gn_1_38660","GO:0015986"
"Cluster_05","Lsat_1_v5_gn_1_38660","GO:0015991"
"Cluster_05","Lsat_1_v5_gn_1_38660","GO:0033177"
"Cluster_05","Lsat_1_v5_gn_1_38660","GO:0045263"
"Cluster_05","Lsat_1_v5_gn_1_38680","GO:0015078"
"Cluster_05","Lsat_1_v5_gn_1_38680","GO:0015986"
"Cluster_05","Lsat_1_v5_gn_1_38680","GO:0045263"
"Cluster_05","Lsat_1_v5_gn_1_38700","GO:0005524"
"Cluster_05","Lsat_1_v5_gn_1_38700","GO:0015991"
"Cluster_05","Lsat_1_v5_gn_1_38700","GO:0015992"
"Cluster_05","Lsat_1_v5_gn_1_38700","GO:0016820"
"Cluster_05","Lsat_1_v5_gn_1_38700","GO:0033178"
"Cluster_05","Lsat_1_v5_gn_1_38700","GO:0046034"
"Cluster_05","Lsat_1_v5_gn_1_38720","GO:0005506"
"Cluster_05","Lsat_1_v5_gn_1_38720","GO:0009055"
"Cluster_05","Lsat_1_v5_gn_1_38720","GO:0015979"
"Cluster_05","Lsat_1_v5_gn_1_38720","GO:0020037"
"Cluster_05","Lsat_1_v5_gn_1_38720","GO:0031361"
"Cluster_05","Lsat_1_v5_gn_1_40460","GO:0004650"
"Cluster_05","Lsat_1_v5_gn_1_40460","GO:0005975"
"Cluster_05","Lsat_1_v5_gn_1_43881","GO:0003735"
"Cluster_05","Lsat_1_v5_gn_1_43881","GO:0005840"
"Cluster_05","Lsat_1_v5_gn_1_43881","GO:0006412"
"Cluster_05","Lsat_1_v5_gn_1_43881","GO:0019843"
"Cluster_05","Lsat_1_v5_gn_1_49181","GO:0003676"
"Cluster_05","Lsat_1_v5_gn_1_49181","GO:0003723"
"Cluster_05","Lsat_1_v5_gn_1_49181","GO:0005634"
"Cluster_05","Lsat_1_v5_gn_1_49181","GO:0005737"
"Cluster_05","Lsat_1_v5_gn_1_49181","GO:0006396"
"Cluster_05","Lsat_1_v5_gn_1_50000","GO:0003746"
"Cluster_05","Lsat_1_v5_gn_1_50000","GO:0005853"
"Cluster_05","Lsat_1_v5_gn_1_50000","GO:0006414"
"Cluster_05","Lsat_1_v5_gn_1_50340","GO:0003676"
"Cluster_05","Lsat_1_v5_gn_1_50340","GO:0003723"
"Cluster_05","Lsat_1_v5_gn_1_50340","GO:0005634"
"Cluster_05","Lsat_1_v5_gn_1_50340","GO:0008270"
"Cluster_05","Lsat_1_v5_gn_1_51360","GO:0005215"
"Cluster_05","Lsat_1_v5_gn_1_51360","GO:0006810"
"Cluster_05","Lsat_1_v5_gn_1_51360","GO:0016020"
"Cluster_05","Lsat_1_v5_gn_1_52340","GO:0003676"
"Cluster_05","Lsat_1_v5_gn_1_52340","GO:0008270"
"Cluster_05","Lsat_1_v5_gn_1_55900","GO:0016020"
"Cluster_05","Lsat_1_v5_gn_1_57321","GO:0016881"
"Cluster_05","Lsat_1_v5_gn_1_57661","GO:0003735"
"Cluster_05","Lsat_1_v5_gn_1_57661","GO:0005622"
"Cluster_05","Lsat_1_v5_gn_1_57661","GO:0005840"
"Cluster_05","Lsat_1_v5_gn_1_57661","GO:0006412"
"Cluster_05","Lsat_1_v5_gn_1_59281","GO:0003723"
"Cluster_05","Lsat_1_v5_gn_1_59281","GO:0003735"
"Cluster_05","Lsat_1_v5_gn_1_59281","GO:0006412"
"Cluster_05","Lsat_1_v5_gn_1_59281","GO:0009055"
"Cluster_05","Lsat_1_v5_gn_1_59281","GO:0015934"
"Cluster_05","Lsat_1_v5_gn_1_59281","GO:0051536"
"Cluster_05","Lsat_1_v5_gn_1_59881","GO:0003735"
"Cluster_05","Lsat_1_v5_gn_1_59881","GO:0005622"
"Cluster_05","Lsat_1_v5_gn_1_59881","GO:0005840"
"Cluster_05","Lsat_1_v5_gn_1_59881","GO:0006412"
"Cluster_05","Lsat_1_v5_gn_1_59881","GO:0015935"
"Cluster_05","Lsat_1_v5_gn_1_62101","GO:0004129"
"Cluster_05","Lsat_1_v5_gn_1_62101","GO:0005746"
"Cluster_05","Lsat_1_v5_gn_1_62101","GO:0009055"
"Cluster_05","Lsat_1_v5_gn_1_64100","GO:0003700"
"Cluster_05","Lsat_1_v5_gn_1_64100","GO:0006355"
"Cluster_05","Lsat_1_v5_gn_1_64100","GO:0008270"
"Cluster_05","Lsat_1_v5_gn_1_64100","GO:0043565"
"Cluster_05","Lsat_1_v5_gn_1_64420","GO:0004553"
"Cluster_05","Lsat_1_v5_gn_1_64420","GO:0005618"
"Cluster_05","Lsat_1_v5_gn_1_64420","GO:0005975"
"Cluster_05","Lsat_1_v5_gn_1_64420","GO:0006073"
"Cluster_05","Lsat_1_v5_gn_1_64420","GO:0016762"
"Cluster_05","Lsat_1_v5_gn_1_64420","GO:0048046"
"Cluster_05","Lsat_1_v5_gn_1_64661","GO:0005215"
"Cluster_05","Lsat_1_v5_gn_1_64661","GO:0006810"
"Cluster_05","Lsat_1_v5_gn_1_64661","GO:0016020"
"Cluster_05","Lsat_1_v5_gn_1_64820","GO:0000786"
"Cluster_05","Lsat_1_v5_gn_1_64820","GO:0003677"
"Cluster_05","Lsat_1_v5_gn_1_64820","GO:0005634"
"Cluster_05","Lsat_1_v5_gn_1_64820","GO:0006334"
"Cluster_05","Lsat_1_v5_gn_1_64840","GO:0000786"
"Cluster_05","Lsat_1_v5_gn_1_64840","GO:0003677"
"Cluster_05","Lsat_1_v5_gn_1_64840","GO:0005634"
"Cluster_05","Lsat_1_v5_gn_1_64840","GO:0006334"
"Cluster_05","Lsat_1_v5_gn_1_75680","GO:0003735"
"Cluster_05","Lsat_1_v5_gn_1_75680","GO:0005840"
"Cluster_05","Lsat_1_v5_gn_1_75680","GO:0006412"
"Cluster_05","Lsat_1_v5_gn_1_88060","GO:0005524"
"Cluster_05","Lsat_1_v5_gn_1_88060","GO:0015991"
"Cluster_05","Lsat_1_v5_gn_1_88060","GO:0015992"
"Cluster_05","Lsat_1_v5_gn_1_88060","GO:0016820"
"Cluster_05","Lsat_1_v5_gn_1_88060","GO:0033178"
"Cluster_05","Lsat_1_v5_gn_1_88060","GO:0046034"
"Cluster_05","Lsat_1_v5_gn_1_88080","GO:0009772"
"Cluster_05","Lsat_1_v5_gn_1_88080","GO:0019684"
"Cluster_05","Lsat_1_v5_gn_1_88080","GO:0045156"
"Cluster_05","Lsat_1_v5_gn_1_88121","GO:0009522"
"Cluster_05","Lsat_1_v5_gn_1_88121","GO:0009579"
"Cluster_05","Lsat_1_v5_gn_1_88121","GO:0015979"
"Cluster_05","Lsat_1_v5_gn_1_88121","GO:0016021"
"Cluster_05","Lsat_1_v5_gn_1_9380","GO:0000786"
"Cluster_05","Lsat_1_v5_gn_1_9380","GO:0003677"
"Cluster_05","Lsat_1_v5_gn_1_9380","GO:0006334"
"Cluster_05","Lsat_1_v5_gn_1_9501","GO:0005507"
"Cluster_05","Lsat_1_v5_gn_1_9501","GO:0009055"
"Cluster_05","Lsat_1_v5_gn_1_9861","GO:0006950"
"Cluster_05","Lsat_1_v5_gn_1_98861","GO:0004672"
"Cluster_05","Lsat_1_v5_gn_1_98861","GO:0005524"
"Cluster_05","Lsat_1_v5_gn_1_98861","GO:0006468"
"Cluster_05","Lsat_1_v5_gn_2_100821","GO:0008270"
"Cluster_05","Lsat_1_v5_gn_2_103681","GO:0000166"
"Cluster_05","Lsat_1_v5_gn_2_103681","GO:0017111"
"Cluster_05","Lsat_1_v5_gn_2_104400","GO:0003723"
"Cluster_05","Lsat_1_v5_gn_2_104400","GO:0004523"
"Cluster_05","Lsat_1_v5_gn_2_108461","GO:0004553"
"Cluster_05","Lsat_1_v5_gn_2_108461","GO:0004563"
"Cluster_05","Lsat_1_v5_gn_2_108461","GO:0005975"
"Cluster_05","Lsat_1_v5_gn_2_110521","GO:0000786"
"Cluster_05","Lsat_1_v5_gn_2_110521","GO:0003677"
"Cluster_05","Lsat_1_v5_gn_2_110521","GO:0005634"
"Cluster_05","Lsat_1_v5_gn_2_110521","GO:0006334"
"Cluster_05","Lsat_1_v5_gn_2_111241","GO:0030001"
"Cluster_05","Lsat_1_v5_gn_2_111241","GO:0046872"
"Cluster_05","Lsat_1_v5_gn_2_112300","GO:0003725"
"Cluster_05","Lsat_1_v5_gn_2_112741","GO:0003723"
"Cluster_05","Lsat_1_v5_gn_2_112741","GO:0005730"
"Cluster_05","Lsat_1_v5_gn_2_114040","GO:0005515"
"Cluster_05","Lsat_1_v5_gn_2_115240","GO:0003676"
"Cluster_05","Lsat_1_v5_gn_2_115240","GO:0008270"
"Cluster_05","Lsat_1_v5_gn_2_116080","GO:0005515"
"Cluster_05","Lsat_1_v5_gn_2_118001","GO:0004672"
"Cluster_05","Lsat_1_v5_gn_2_118001","GO:0005524"
"Cluster_05","Lsat_1_v5_gn_2_118001","GO:0006468"
"Cluster_05","Lsat_1_v5_gn_2_118001","GO:0030247"
"Cluster_05","Lsat_1_v5_gn_2_118301","GO:0006457"
"Cluster_05","Lsat_1_v5_gn_2_120360","GO:0003735"
"Cluster_05","Lsat_1_v5_gn_2_120360","GO:0005622"
"Cluster_05","Lsat_1_v5_gn_2_120360","GO:0005840"
"Cluster_05","Lsat_1_v5_gn_2_120360","GO:0006412"
"Cluster_05","Lsat_1_v5_gn_2_12381","GO:0003677"
"Cluster_05","Lsat_1_v5_gn_2_12381","GO:0005634"
"Cluster_05","Lsat_1_v5_gn_2_12381","GO:0006355"
"Cluster_05","Lsat_1_v5_gn_2_12381","GO:0009725"
"Cluster_05","Lsat_1_v5_gn_2_124481","GO:0006826"
"Cluster_05","Lsat_1_v5_gn_2_124481","GO:0006879"
"Cluster_05","Lsat_1_v5_gn_2_124481","GO:0008199"
"Cluster_05","Lsat_1_v5_gn_2_125000","GO:0004784"
"Cluster_05","Lsat_1_v5_gn_2_125000","GO:0006801"
"Cluster_05","Lsat_1_v5_gn_2_125000","GO:0046872"
"Cluster_05","Lsat_1_v5_gn_2_125000","GO:0055114"
"Cluster_05","Lsat_1_v5_gn_2_12620","GO:0004672"
"Cluster_05","Lsat_1_v5_gn_2_12620","GO:0005524"
"Cluster_05","Lsat_1_v5_gn_2_12620","GO:0006468"
"Cluster_05","Lsat_1_v5_gn_2_126301","GO:0004672"
"Cluster_05","Lsat_1_v5_gn_2_126301","GO:0006468"
"Cluster_05","Lsat_1_v5_gn_2_126800","GO:0003676"
"Cluster_05","Lsat_1_v5_gn_2_126800","GO:0003677"
"Cluster_05","Lsat_1_v5_gn_2_126800","GO:0005634"
"Cluster_05","Lsat_1_v5_gn_2_126800","GO:0006351"
"Cluster_05","Lsat_1_v5_gn_2_126800","GO:0008270"
"Cluster_05","Lsat_1_v5_gn_2_129840","GO:0003676"
"Cluster_05","Lsat_1_v5_gn_2_129840","GO:0003723"
"Cluster_05","Lsat_1_v5_gn_2_129840","GO:0004386"
"Cluster_05","Lsat_1_v5_gn_2_129840","GO:0005524"
"Cluster_05","Lsat_1_v5_gn_2_129840","GO:0005634"
"Cluster_05","Lsat_1_v5_gn_2_129840","GO:0008026"
"Cluster_05","Lsat_1_v5_gn_2_129881","GO:0004560"
"Cluster_05","Lsat_1_v5_gn_2_129881","GO:0005975"
"Cluster_05","Lsat_1_v5_gn_2_129881","GO:0007155"
"Cluster_05","Lsat_1_v5_gn_2_129920","GO:0004252"
"Cluster_05","Lsat_1_v5_gn_2_129920","GO:0006508"
"Cluster_05","Lsat_1_v5_gn_2_129920","GO:0042802"
"Cluster_05","Lsat_1_v5_gn_2_129920","GO:0043086"
"Cluster_05","Lsat_1_v5_gn_2_132660","GO:0005847"
"Cluster_05","Lsat_1_v5_gn_2_132660","GO:0006378"
"Cluster_05","Lsat_1_v5_gn_2_132660","GO:0006379"
"Cluster_05","Lsat_1_v5_gn_2_132660","GO:0016787"
"Cluster_05","Lsat_1_v5_gn_2_132761","GO:0006511"
"Cluster_05","Lsat_1_v5_gn_2_134960","GO:0008171"
"Cluster_05","Lsat_1_v5_gn_2_134960","GO:0046983"
"Cluster_05","Lsat_1_v5_gn_2_135100","GO:0005097"
"Cluster_05","Lsat_1_v5_gn_2_135100","GO:0005622"
"Cluster_05","Lsat_1_v5_gn_2_135100","GO:0032313"
"Cluster_05","Lsat_1_v5_gn_2_1641","GO:0015078"
"Cluster_05","Lsat_1_v5_gn_2_1641","GO:0015986"
"Cluster_05","Lsat_1_v5_gn_2_1641","GO:0045263"
"Cluster_05","Lsat_1_v5_gn_2_19401","GO:0005515"
"Cluster_05","Lsat_1_v5_gn_2_30981","GO:0003676"
"Cluster_05","Lsat_1_v5_gn_2_30981","GO:0008270"
"Cluster_05","Lsat_1_v5_gn_2_34061","GO:0005515"
"Cluster_05","Lsat_1_v5_gn_2_34800","GO:0009521"
"Cluster_05","Lsat_1_v5_gn_2_34800","GO:0009767"
"Cluster_05","Lsat_1_v5_gn_2_34800","GO:0016020"
"Cluster_05","Lsat_1_v5_gn_2_34800","GO:0016168"
"Cluster_05","Lsat_1_v5_gn_2_34800","GO:0019684"
"Cluster_05","Lsat_1_v5_gn_2_36780","GO:0004672"
"Cluster_05","Lsat_1_v5_gn_2_36780","GO:0005524"
"Cluster_05","Lsat_1_v5_gn_2_36780","GO:0006468"
"Cluster_05","Lsat_1_v5_gn_2_36780","GO:0030247"
"Cluster_05","Lsat_1_v5_gn_2_4080","GO:0003824"
"Cluster_05","Lsat_1_v5_gn_2_4080","GO:0008152"
"Cluster_05","Lsat_1_v5_gn_2_44160","GO:0004672"
"Cluster_05","Lsat_1_v5_gn_2_44160","GO:0005524"
"Cluster_05","Lsat_1_v5_gn_2_44160","GO:0006468"
"Cluster_05","Lsat_1_v5_gn_2_49201","GO:0003924"
"Cluster_05","Lsat_1_v5_gn_2_49201","GO:0005525"
"Cluster_05","Lsat_1_v5_gn_2_49201","GO:0005622"
"Cluster_05","Lsat_1_v5_gn_2_49201","GO:0006184"
"Cluster_05","Lsat_1_v5_gn_2_49201","GO:0006886"
"Cluster_05","Lsat_1_v5_gn_2_49201","GO:0006913"
"Cluster_05","Lsat_1_v5_gn_2_49201","GO:0007165"
"Cluster_05","Lsat_1_v5_gn_2_49201","GO:0007264"
"Cluster_05","Lsat_1_v5_gn_2_49201","GO:0015031"
"Cluster_05","Lsat_1_v5_gn_2_49201","GO:0016020"
"Cluster_05","Lsat_1_v5_gn_2_50780","GO:0009772"
"Cluster_05","Lsat_1_v5_gn_2_50780","GO:0019684"
"Cluster_05","Lsat_1_v5_gn_2_50780","GO:0045156"
"Cluster_05","Lsat_1_v5_gn_2_51000","GO:0005730"
"Cluster_05","Lsat_1_v5_gn_2_51000","GO:0042254"
"Cluster_05","Lsat_1_v5_gn_2_53461","GO:0003676"
"Cluster_05","Lsat_1_v5_gn_2_54780","GO:0003735"
"Cluster_05","Lsat_1_v5_gn_2_54780","GO:0005622"
"Cluster_05","Lsat_1_v5_gn_2_54780","GO:0005840"
"Cluster_05","Lsat_1_v5_gn_2_54780","GO:0006412"
"Cluster_05","Lsat_1_v5_gn_2_56480","GO:0003755"
"Cluster_05","Lsat_1_v5_gn_2_56480","GO:0006457"
"Cluster_05","Lsat_1_v5_gn_2_57840","GO:0003700"
"Cluster_05","Lsat_1_v5_gn_2_57840","GO:0006355"
"Cluster_05","Lsat_1_v5_gn_2_57840","GO:0008270"
"Cluster_05","Lsat_1_v5_gn_2_57840","GO:0043565"
"Cluster_05","Lsat_1_v5_gn_2_58480","GO:0003735"
"Cluster_05","Lsat_1_v5_gn_2_58480","GO:0005622"
"Cluster_05","Lsat_1_v5_gn_2_58480","GO:0005840"
"Cluster_05","Lsat_1_v5_gn_2_58480","GO:0006412"
"Cluster_05","Lsat_1_v5_gn_2_58480","GO:0015935"
"Cluster_05","Lsat_1_v5_gn_2_59780","GO:0006284"
"Cluster_05","Lsat_1_v5_gn_2_59780","GO:0008725"
"Cluster_05","Lsat_1_v5_gn_2_6220","GO:0003824"
"Cluster_05","Lsat_1_v5_gn_2_6220","GO:0044237"
"Cluster_05","Lsat_1_v5_gn_2_6220","GO:0050662"
"Cluster_05","Lsat_1_v5_gn_2_63440","GO:0000786"
"Cluster_05","Lsat_1_v5_gn_2_63440","GO:0003677"
"Cluster_05","Lsat_1_v5_gn_2_63440","GO:0006334"
"Cluster_05","Lsat_1_v5_gn_2_68860","GO:0005783"
"Cluster_05","Lsat_1_v5_gn_2_68860","GO:0006886"
"Cluster_05","Lsat_1_v5_gn_2_68860","GO:0016021"
"Cluster_05","Lsat_1_v5_gn_2_69721","GO:0003777"
"Cluster_05","Lsat_1_v5_gn_2_69721","GO:0005524"
"Cluster_05","Lsat_1_v5_gn_2_69721","GO:0005875"
"Cluster_05","Lsat_1_v5_gn_2_69721","GO:0007018"
"Cluster_05","Lsat_1_v5_gn_2_69721","GO:0008569"
"Cluster_05","Lsat_1_v5_gn_2_70201","GO:0003700"
"Cluster_05","Lsat_1_v5_gn_2_70201","GO:0006355"
"Cluster_05","Lsat_1_v5_gn_2_77261","GO:0003824"
"Cluster_05","Lsat_1_v5_gn_2_77261","GO:0044237"
"Cluster_05","Lsat_1_v5_gn_2_77261","GO:0050662"
"Cluster_05","Lsat_1_v5_gn_2_7800","GO:0004252"
"Cluster_05","Lsat_1_v5_gn_2_7800","GO:0006508"
"Cluster_05","Lsat_1_v5_gn_2_7800","GO:0042802"
"Cluster_05","Lsat_1_v5_gn_2_7800","GO:0043086"
"Cluster_05","Lsat_1_v5_gn_2_79920","GO:0004747"
"Cluster_05","Lsat_1_v5_gn_2_79920","GO:0006014"
"Cluster_05","Lsat_1_v5_gn_2_80921","GO:0003735"
"Cluster_05","Lsat_1_v5_gn_2_80921","GO:0006412"
"Cluster_05","Lsat_1_v5_gn_2_80921","GO:0015934"
"Cluster_05","Lsat_1_v5_gn_2_87640","GO:0003723"
"Cluster_05","Lsat_1_v5_gn_2_87640","GO:0006396"
"Cluster_05","Lsat_1_v5_gn_2_87661","GO:0005819"
"Cluster_05","Lsat_1_v5_gn_2_87661","GO:0005874"
"Cluster_05","Lsat_1_v5_gn_2_87661","GO:0007067"
"Cluster_05","Lsat_1_v5_gn_2_89801","GO:0000287"
"Cluster_05","Lsat_1_v5_gn_2_89801","GO:0015977"
"Cluster_05","Lsat_1_v5_gn_2_89801","GO:0016984"
"Cluster_05","Lsat_1_v5_gn_2_92320","GO:0008152"
"Cluster_05","Lsat_1_v5_gn_2_92320","GO:0016758"
"Cluster_05","Lsat_1_v5_gn_2_99701","GO:0005524"
"Cluster_05","Lsat_1_v5_gn_2_99701","GO:0005737"
"Cluster_05","Lsat_1_v5_gn_2_99701","GO:0042026"
"Cluster_05","Lsat_1_v5_gn_2_99701","GO:0044267"
"Cluster_05","Lsat_1_v5_gn_3_10000","GO:0003700"
"Cluster_05","Lsat_1_v5_gn_3_10000","GO:0006355"
"Cluster_05","Lsat_1_v5_gn_3_103521","GO:0003883"
"Cluster_05","Lsat_1_v5_gn_3_103521","GO:0006221"
"Cluster_05","Lsat_1_v5_gn_3_104380","GO:0003676"
"Cluster_05","Lsat_1_v5_gn_3_104380","GO:0004527"
"Cluster_05","Lsat_1_v5_gn_3_104380","GO:0005622"
"Cluster_05","Lsat_1_v5_gn_3_109140","GO:0000287"
"Cluster_05","Lsat_1_v5_gn_3_113260","GO:0003735"
"Cluster_05","Lsat_1_v5_gn_3_113260","GO:0005622"
"Cluster_05","Lsat_1_v5_gn_3_113260","GO:0005840"
"Cluster_05","Lsat_1_v5_gn_3_113260","GO:0006412"
"Cluster_05","Lsat_1_v5_gn_3_113300","GO:0003735"
"Cluster_05","Lsat_1_v5_gn_3_113300","GO:0005622"
"Cluster_05","Lsat_1_v5_gn_3_113300","GO:0005840"
"Cluster_05","Lsat_1_v5_gn_3_113300","GO:0006412"
"Cluster_05","Lsat_1_v5_gn_3_113300","GO:0015934"
"Cluster_05","Lsat_1_v5_gn_3_117060","GO:0005634"
"Cluster_05","Lsat_1_v5_gn_3_130901","GO:0003677"
"Cluster_05","Lsat_1_v5_gn_3_130901","GO:0003700"
"Cluster_05","Lsat_1_v5_gn_3_130901","GO:0005634"
"Cluster_05","Lsat_1_v5_gn_3_130901","GO:0006351"
"Cluster_05","Lsat_1_v5_gn_3_130901","GO:0006355"
"Cluster_05","Lsat_1_v5_gn_3_130901","GO:0043565"
"Cluster_05","Lsat_1_v5_gn_3_13260","GO:0016020"
"Cluster_05","Lsat_1_v5_gn_3_13681","GO:0006725"
"Cluster_05","Lsat_1_v5_gn_3_13681","GO:0016830"
"Cluster_05","Lsat_1_v5_gn_3_140160","GO:0003676"
"Cluster_05","Lsat_1_v5_gn_3_140860","GO:0003883"
"Cluster_05","Lsat_1_v5_gn_3_140860","GO:0006221"
"Cluster_05","Lsat_1_v5_gn_3_15160","GO:0003677"
"Cluster_05","Lsat_1_v5_gn_3_15160","GO:0006355"
"Cluster_05","Lsat_1_v5_gn_3_15460","GO:0003735"
"Cluster_05","Lsat_1_v5_gn_3_15460","GO:0005622"
"Cluster_05","Lsat_1_v5_gn_3_15460","GO:0005840"
"Cluster_05","Lsat_1_v5_gn_3_15460","GO:0006412"
"Cluster_05","Lsat_1_v5_gn_3_15500","GO:0005509"
"Cluster_05","Lsat_1_v5_gn_3_15780","GO:0005515"
"Cluster_05","Lsat_1_v5_gn_3_18641","GO:0046983"
"Cluster_05","Lsat_1_v5_gn_3_20820","GO:0000079"
"Cluster_05","Lsat_1_v5_gn_3_20820","GO:0005634"
"Cluster_05","Lsat_1_v5_gn_3_20820","GO:0006355"
"Cluster_05","Lsat_1_v5_gn_3_20820","GO:0019901"
"Cluster_05","Lsat_1_v5_gn_3_22620","GO:0003735"
"Cluster_05","Lsat_1_v5_gn_3_22620","GO:0005622"
"Cluster_05","Lsat_1_v5_gn_3_22620","GO:0005840"
"Cluster_05","Lsat_1_v5_gn_3_22620","GO:0006412"
"Cluster_05","Lsat_1_v5_gn_3_23880","GO:0005524"
"Cluster_05","Lsat_1_v5_gn_3_23880","GO:0006457"
"Cluster_05","Lsat_1_v5_gn_3_23880","GO:0044267"
"Cluster_05","Lsat_1_v5_gn_3_23880","GO:0051082"
"Cluster_05","Lsat_1_v5_gn_3_25341","GO:0003676"
"Cluster_05","Lsat_1_v5_gn_3_25341","GO:0008270"
"Cluster_05","Lsat_1_v5_gn_3_27180","GO:0004672"
"Cluster_05","Lsat_1_v5_gn_3_27180","GO:0005524"
"Cluster_05","Lsat_1_v5_gn_3_27180","GO:0006468"
"Cluster_05","Lsat_1_v5_gn_3_27220","GO:0005515"
"Cluster_05","Lsat_1_v5_gn_3_29480","GO:0016620"
"Cluster_05","Lsat_1_v5_gn_3_29480","GO:0055114"
"Cluster_05","Lsat_1_v5_gn_3_29621","GO:0004017"
"Cluster_05","Lsat_1_v5_gn_3_29621","GO:0005524"
"Cluster_05","Lsat_1_v5_gn_3_29621","GO:0006139"
"Cluster_05","Lsat_1_v5_gn_3_29621","GO:0019205"
"Cluster_05","Lsat_1_v5_gn_3_30741","GO:0005622"
"Cluster_05","Lsat_1_v5_gn_3_30741","GO:0006810"
"Cluster_05","Lsat_1_v5_gn_3_3081","GO:0004553"
"Cluster_05","Lsat_1_v5_gn_3_3081","GO:0005975"
"Cluster_05","Lsat_1_v5_gn_3_32241","GO:0003735"
"Cluster_05","Lsat_1_v5_gn_3_32241","GO:0005622"
"Cluster_05","Lsat_1_v5_gn_3_32241","GO:0005840"
"Cluster_05","Lsat_1_v5_gn_3_32241","GO:0006412"
"Cluster_05","Lsat_1_v5_gn_3_32600","GO:0004497"
"Cluster_05","Lsat_1_v5_gn_3_32600","GO:0005506"
"Cluster_05","Lsat_1_v5_gn_3_32600","GO:0009055"
"Cluster_05","Lsat_1_v5_gn_3_32600","GO:0016705"
"Cluster_05","Lsat_1_v5_gn_3_32600","GO:0020037"
"Cluster_05","Lsat_1_v5_gn_3_32600","GO:0055114"
"Cluster_05","Lsat_1_v5_gn_3_33000","GO:0003735"
"Cluster_05","Lsat_1_v5_gn_3_33000","GO:0005622"
"Cluster_05","Lsat_1_v5_gn_3_33000","GO:0005840"
"Cluster_05","Lsat_1_v5_gn_3_33000","GO:0006412"
"Cluster_05","Lsat_1_v5_gn_3_33041","GO:0003676"
"Cluster_05","Lsat_1_v5_gn_3_33041","GO:0004386"
"Cluster_05","Lsat_1_v5_gn_3_33041","GO:0005524"
"Cluster_05","Lsat_1_v5_gn_3_33041","GO:0008026"
"Cluster_05","Lsat_1_v5_gn_3_35500","GO:0008152"
"Cluster_05","Lsat_1_v5_gn_3_35500","GO:0016491"
"Cluster_05","Lsat_1_v5_gn_3_37780","GO:0003735"
"Cluster_05","Lsat_1_v5_gn_3_37780","GO:0005622"
"Cluster_05","Lsat_1_v5_gn_3_37780","GO:0005840"
"Cluster_05","Lsat_1_v5_gn_3_37780","GO:0006412"
"Cluster_05","Lsat_1_v5_gn_3_43161","GO:0004553"
"Cluster_05","Lsat_1_v5_gn_3_43161","GO:0005618"
"Cluster_05","Lsat_1_v5_gn_3_43161","GO:0005975"
"Cluster_05","Lsat_1_v5_gn_3_43161","GO:0006073"
"Cluster_05","Lsat_1_v5_gn_3_43161","GO:0016762"
"Cluster_05","Lsat_1_v5_gn_3_43161","GO:0048046"
"Cluster_05","Lsat_1_v5_gn_3_43961","GO:0003723"
"Cluster_05","Lsat_1_v5_gn_3_43961","GO:0003735"
"Cluster_05","Lsat_1_v5_gn_3_43961","GO:0005622"
"Cluster_05","Lsat_1_v5_gn_3_43961","GO:0005840"
"Cluster_05","Lsat_1_v5_gn_3_43961","GO:0006412"
"Cluster_05","Lsat_1_v5_gn_3_46481","GO:0003682"
"Cluster_05","Lsat_1_v5_gn_3_47540","GO:0006694"
"Cluster_05","Lsat_1_v5_gn_3_47540","GO:0008152"
"Cluster_05","Lsat_1_v5_gn_3_47540","GO:0008168"
"Cluster_05","Lsat_1_v5_gn_3_49320","GO:0008152"
"Cluster_05","Lsat_1_v5_gn_3_49320","GO:0016624"
"Cluster_05","Lsat_1_v5_gn_3_50160","GO:0016787"
"Cluster_05","Lsat_1_v5_gn_3_52680","GO:0003723"
"Cluster_05","Lsat_1_v5_gn_3_52680","GO:0005622"
"Cluster_05","Lsat_1_v5_gn_3_52680","GO:0019843"
"Cluster_05","Lsat_1_v5_gn_3_53060","GO:0019538"
"Cluster_05","Lsat_1_v5_gn_3_53680","GO:0003676"
"Cluster_05","Lsat_1_v5_gn_3_64520","GO:0000785"
"Cluster_05","Lsat_1_v5_gn_3_64520","GO:0000786"
"Cluster_05","Lsat_1_v5_gn_3_64520","GO:0003677"
"Cluster_05","Lsat_1_v5_gn_3_64520","GO:0005634"
"Cluster_05","Lsat_1_v5_gn_3_64520","GO:0006334"
"Cluster_05","Lsat_1_v5_gn_3_64520","GO:0006355"
"Cluster_05","Lsat_1_v5_gn_3_67160","GO:0004450"
"Cluster_05","Lsat_1_v5_gn_3_67160","GO:0006102"
"Cluster_05","Lsat_1_v5_gn_3_67160","GO:0016616"
"Cluster_05","Lsat_1_v5_gn_3_67160","GO:0055114"
"Cluster_05","Lsat_1_v5_gn_3_70301","GO:0006855"
"Cluster_05","Lsat_1_v5_gn_3_70301","GO:0015238"
"Cluster_05","Lsat_1_v5_gn_3_70301","GO:0015297"
"Cluster_05","Lsat_1_v5_gn_3_70301","GO:0016020"
"Cluster_05","Lsat_1_v5_gn_3_70301","GO:0055085"
"Cluster_05","Lsat_1_v5_gn_3_79700","GO:0004476"
"Cluster_05","Lsat_1_v5_gn_3_79700","GO:0005975"
"Cluster_05","Lsat_1_v5_gn_3_79700","GO:0008270"
"Cluster_05","Lsat_1_v5_gn_3_79700","GO:0009298"
"Cluster_05","Lsat_1_v5_gn_3_83180","GO:0030001"
"Cluster_05","Lsat_1_v5_gn_3_83180","GO:0046872"
"Cluster_05","Lsat_1_v5_gn_3_87201","GO:0008080"
"Cluster_05","Lsat_1_v5_gn_3_8761","GO:0003676"
"Cluster_05","Lsat_1_v5_gn_3_87760","GO:0005515"
"Cluster_05","Lsat_1_v5_gn_3_92301","GO:0008137"
"Cluster_05","Lsat_1_v5_gn_3_92301","GO:0042773"
"Cluster_05","Lsat_1_v5_gn_3_92301","GO:0055114"
"Cluster_05","Lsat_1_v5_gn_3_92480","GO:0004672"
"Cluster_05","Lsat_1_v5_gn_3_92480","GO:0005524"
"Cluster_05","Lsat_1_v5_gn_3_92480","GO:0006468"
"Cluster_05","Lsat_1_v5_gn_3_95261","GO:0005515"
"Cluster_05","Lsat_1_v5_gn_3_95981","GO:0005515"
"Cluster_05","Lsat_1_v5_gn_3_98801","GO:0051087"
"Cluster_05","Lsat_1_v5_gn_3_99201","GO:0003723"
"Cluster_05","Lsat_1_v5_gn_3_99201","GO:0005622"
"Cluster_05","Lsat_1_v5_gn_3_99201","GO:0019843"
"Cluster_05","Lsat_1_v5_gn_3_9940","GO:0016881"
"Cluster_05","Lsat_1_v5_gn_4_102021","GO:0003735"
"Cluster_05","Lsat_1_v5_gn_4_102021","GO:0005622"
"Cluster_05","Lsat_1_v5_gn_4_102021","GO:0005840"
"Cluster_05","Lsat_1_v5_gn_4_102021","GO:0006412"
"Cluster_05","Lsat_1_v5_gn_4_102701","GO:0000287"
"Cluster_05","Lsat_1_v5_gn_4_102701","GO:0015977"
"Cluster_05","Lsat_1_v5_gn_4_102701","GO:0016984"
"Cluster_05","Lsat_1_v5_gn_4_10521","GO:0005515"
"Cluster_05","Lsat_1_v5_gn_4_105560","GO:0006396"
"Cluster_05","Lsat_1_v5_gn_4_105580","GO:0003735"
"Cluster_05","Lsat_1_v5_gn_4_105580","GO:0005622"
"Cluster_05","Lsat_1_v5_gn_4_105580","GO:0005840"
"Cluster_05","Lsat_1_v5_gn_4_105580","GO:0006412"
"Cluster_05","Lsat_1_v5_gn_4_106001","GO:0046983"
"Cluster_05","Lsat_1_v5_gn_4_106580","GO:0005875"
"Cluster_05","Lsat_1_v5_gn_4_106580","GO:0007017"
"Cluster_05","Lsat_1_v5_gn_4_108141","GO:0003677"
"Cluster_05","Lsat_1_v5_gn_4_108141","GO:0006355"
"Cluster_05","Lsat_1_v5_gn_4_108141","GO:0008270"
"Cluster_05","Lsat_1_v5_gn_4_108620","GO:0008152"
"Cluster_05","Lsat_1_v5_gn_4_108620","GO:0016491"
"Cluster_05","Lsat_1_v5_gn_4_108620","GO:0055114"
"Cluster_05","Lsat_1_v5_gn_4_109761","GO:0003723"
"Cluster_05","Lsat_1_v5_gn_4_109761","GO:0003746"
"Cluster_05","Lsat_1_v5_gn_4_109761","GO:0006452"
"Cluster_05","Lsat_1_v5_gn_4_109761","GO:0008612"
"Cluster_05","Lsat_1_v5_gn_4_109761","GO:0043022"
"Cluster_05","Lsat_1_v5_gn_4_109761","GO:0045901"
"Cluster_05","Lsat_1_v5_gn_4_109761","GO:0045905"
"Cluster_05","Lsat_1_v5_gn_4_110001","GO:0006355"
"Cluster_05","Lsat_1_v5_gn_4_110001","GO:0046983"
"Cluster_05","Lsat_1_v5_gn_4_110620","GO:0003735"
"Cluster_05","Lsat_1_v5_gn_4_110620","GO:0005622"
"Cluster_05","Lsat_1_v5_gn_4_110620","GO:0005840"
"Cluster_05","Lsat_1_v5_gn_4_110620","GO:0006412"
"Cluster_05","Lsat_1_v5_gn_4_117260","GO:0000786"
"Cluster_05","Lsat_1_v5_gn_4_117260","GO:0003677"
"Cluster_05","Lsat_1_v5_gn_4_117260","GO:0005634"
"Cluster_05","Lsat_1_v5_gn_4_117260","GO:0006334"
"Cluster_05","Lsat_1_v5_gn_4_118501","GO:0003682"
"Cluster_05","Lsat_1_v5_gn_4_119261","GO:0005515"
"Cluster_05","Lsat_1_v5_gn_4_121681","GO:0004672"
"Cluster_05","Lsat_1_v5_gn_4_121681","GO:0005524"
"Cluster_05","Lsat_1_v5_gn_4_121681","GO:0006468"
"Cluster_05","Lsat_1_v5_gn_4_125640","GO:0006662"
"Cluster_05","Lsat_1_v5_gn_4_125640","GO:0009055"
"Cluster_05","Lsat_1_v5_gn_4_125640","GO:0015035"
"Cluster_05","Lsat_1_v5_gn_4_125640","GO:0045454"
"Cluster_05","Lsat_1_v5_gn_4_126480","GO:0001510"
"Cluster_05","Lsat_1_v5_gn_4_126480","GO:0008168"
"Cluster_05","Lsat_1_v5_gn_4_126480","GO:0009452"
"Cluster_05","Lsat_1_v5_gn_4_126881","GO:0003676"
"Cluster_05","Lsat_1_v5_gn_4_126881","GO:0003723"
"Cluster_05","Lsat_1_v5_gn_4_128100","GO:0005634"
"Cluster_05","Lsat_1_v5_gn_4_131120","GO:0009116"
"Cluster_05","Lsat_1_v5_gn_4_132961","GO:0005506"
"Cluster_05","Lsat_1_v5_gn_4_132961","GO:0009055"
"Cluster_05","Lsat_1_v5_gn_4_132961","GO:0016705"
"Cluster_05","Lsat_1_v5_gn_4_132961","GO:0020037"
"Cluster_05","Lsat_1_v5_gn_4_132961","GO:0055114"
"Cluster_05","Lsat_1_v5_gn_4_135460","GO:0002161"
"Cluster_05","Lsat_1_v5_gn_4_135460","GO:0009772"
"Cluster_05","Lsat_1_v5_gn_4_135460","GO:0019684"
"Cluster_05","Lsat_1_v5_gn_4_135460","GO:0045156"
"Cluster_05","Lsat_1_v5_gn_4_135761","GO:0006629"
"Cluster_05","Lsat_1_v5_gn_4_135761","GO:0016788"
"Cluster_05","Lsat_1_v5_gn_4_147760","GO:0009522"
"Cluster_05","Lsat_1_v5_gn_4_147760","GO:0009579"
"Cluster_05","Lsat_1_v5_gn_4_147760","GO:0015979"
"Cluster_05","Lsat_1_v5_gn_4_147760","GO:0016021"
"Cluster_05","Lsat_1_v5_gn_4_14961","GO:0030001"
"Cluster_05","Lsat_1_v5_gn_4_14961","GO:0046872"
"Cluster_05","Lsat_1_v5_gn_4_151720","GO:0004553"
"Cluster_05","Lsat_1_v5_gn_4_151720","GO:0005975"
"Cluster_05","Lsat_1_v5_gn_4_151720","GO:0030246"
"Cluster_05","Lsat_1_v5_gn_4_154500","GO:0004672"
"Cluster_05","Lsat_1_v5_gn_4_154500","GO:0005524"
"Cluster_05","Lsat_1_v5_gn_4_154500","GO:0006468"
"Cluster_05","Lsat_1_v5_gn_4_155220","GO:0016021"
"Cluster_05","Lsat_1_v5_gn_4_155220","GO:0055085"
"Cluster_05","Lsat_1_v5_gn_4_155360","GO:0006855"
"Cluster_05","Lsat_1_v5_gn_4_155360","GO:0015238"
"Cluster_05","Lsat_1_v5_gn_4_155360","GO:0015297"
"Cluster_05","Lsat_1_v5_gn_4_155360","GO:0016020"
"Cluster_05","Lsat_1_v5_gn_4_155360","GO:0055085"
"Cluster_05","Lsat_1_v5_gn_4_15881","GO:0003676"
"Cluster_05","Lsat_1_v5_gn_4_15881","GO:0004519"
"Cluster_05","Lsat_1_v5_gn_4_15881","GO:0006308"
"Cluster_05","Lsat_1_v5_gn_4_159600","GO:0003700"
"Cluster_05","Lsat_1_v5_gn_4_159600","GO:0006355"
"Cluster_05","Lsat_1_v5_gn_4_159961","GO:0005515"
"Cluster_05","Lsat_1_v5_gn_4_159961","GO:0005524"
"Cluster_05","Lsat_1_v5_gn_4_159961","GO:0005634"
"Cluster_05","Lsat_1_v5_gn_4_159961","GO:0006355"
"Cluster_05","Lsat_1_v5_gn_4_159961","GO:0016818"
"Cluster_05","Lsat_1_v5_gn_4_165621","GO:0046983"
"Cluster_05","Lsat_1_v5_gn_4_169480","GO:0030170"
"Cluster_05","Lsat_1_v5_gn_4_170421","GO:0005819"
"Cluster_05","Lsat_1_v5_gn_4_170421","GO:0005874"
"Cluster_05","Lsat_1_v5_gn_4_170421","GO:0007067"
"Cluster_05","Lsat_1_v5_gn_4_180561","GO:0009058"
"Cluster_05","Lsat_1_v5_gn_4_180561","GO:0016779"
"Cluster_05","Lsat_1_v5_gn_4_184020","GO:0016651"
"Cluster_05","Lsat_1_v5_gn_4_184020","GO:0051539"
"Cluster_05","Lsat_1_v5_gn_4_184020","GO:0055114"
"Cluster_05","Lsat_1_v5_gn_4_185421","GO:0006412"
"Cluster_05","Lsat_1_v5_gn_4_18921","GO:0004190"
"Cluster_05","Lsat_1_v5_gn_4_18921","GO:0006508"
"Cluster_05","Lsat_1_v5_gn_4_20080","GO:0003682"
"Cluster_05","Lsat_1_v5_gn_4_28960","GO:0003735"
"Cluster_05","Lsat_1_v5_gn_4_28960","GO:0005840"
"Cluster_05","Lsat_1_v5_gn_4_28960","GO:0006412"
"Cluster_05","Lsat_1_v5_gn_4_29561","GO:0005515"
"Cluster_05","Lsat_1_v5_gn_4_29981","GO:0004252"
"Cluster_05","Lsat_1_v5_gn_4_29981","GO:0006508"
"Cluster_05","Lsat_1_v5_gn_4_29981","GO:0042802"
"Cluster_05","Lsat_1_v5_gn_4_29981","GO:0043086"
"Cluster_05","Lsat_1_v5_gn_4_30520","GO:0016021"
"Cluster_05","Lsat_1_v5_gn_4_30520","GO:0055085"
"Cluster_05","Lsat_1_v5_gn_4_3221","GO:0003735"
"Cluster_05","Lsat_1_v5_gn_4_3221","GO:0005622"
"Cluster_05","Lsat_1_v5_gn_4_3221","GO:0005840"
"Cluster_05","Lsat_1_v5_gn_4_3221","GO:0006412"
"Cluster_05","Lsat_1_v5_gn_4_3221","GO:0015934"
"Cluster_05","Lsat_1_v5_gn_4_36761","GO:0003700"
"Cluster_05","Lsat_1_v5_gn_4_36761","GO:0006355"
"Cluster_05","Lsat_1_v5_gn_4_36761","GO:0043565"
"Cluster_05","Lsat_1_v5_gn_4_37541","GO:0005515"
"Cluster_05","Lsat_1_v5_gn_4_37800","GO:0004806"
"Cluster_05","Lsat_1_v5_gn_4_37800","GO:0006629"
"Cluster_05","Lsat_1_v5_gn_4_38201","GO:0003735"
"Cluster_05","Lsat_1_v5_gn_4_38201","GO:0005622"
"Cluster_05","Lsat_1_v5_gn_4_38201","GO:0005840"
"Cluster_05","Lsat_1_v5_gn_4_38201","GO:0006412"
"Cluster_05","Lsat_1_v5_gn_4_3900","GO:0005515"
"Cluster_05","Lsat_1_v5_gn_4_39621","GO:0008137"
"Cluster_05","Lsat_1_v5_gn_4_39621","GO:0042773"
"Cluster_05","Lsat_1_v5_gn_4_39621","GO:0055114"
"Cluster_05","Lsat_1_v5_gn_4_400","GO:0005622"
"Cluster_05","Lsat_1_v5_gn_4_400","GO:0008270"
"Cluster_05","Lsat_1_v5_gn_4_40420","GO:0015986"
"Cluster_05","Lsat_1_v5_gn_4_40420","GO:0015991"
"Cluster_05","Lsat_1_v5_gn_4_40420","GO:0016820"
"Cluster_05","Lsat_1_v5_gn_4_40420","GO:0033178"
"Cluster_05","Lsat_1_v5_gn_4_40420","GO:0045261"
"Cluster_05","Lsat_1_v5_gn_4_40420","GO:0046933"
"Cluster_05","Lsat_1_v5_gn_4_40420","GO:0046961"
"Cluster_05","Lsat_1_v5_gn_4_41340","GO:0004672"
"Cluster_05","Lsat_1_v5_gn_4_41340","GO:0005524"
"Cluster_05","Lsat_1_v5_gn_4_41340","GO:0006468"
"Cluster_05","Lsat_1_v5_gn_4_43380","GO:0003735"
"Cluster_05","Lsat_1_v5_gn_4_43380","GO:0005622"
"Cluster_05","Lsat_1_v5_gn_4_43380","GO:0005840"
"Cluster_05","Lsat_1_v5_gn_4_43380","GO:0006412"
"Cluster_05","Lsat_1_v5_gn_4_48420","GO:0003735"
"Cluster_05","Lsat_1_v5_gn_4_48420","GO:0005622"
"Cluster_05","Lsat_1_v5_gn_4_48420","GO:0005840"
"Cluster_05","Lsat_1_v5_gn_4_48420","GO:0006412"
"Cluster_05","Lsat_1_v5_gn_4_50261","GO:0016021"
"Cluster_05","Lsat_1_v5_gn_4_50261","GO:0022900"
"Cluster_05","Lsat_1_v5_gn_4_53840","GO:0005199"
"Cluster_05","Lsat_1_v5_gn_4_5401","GO:0005525"
"Cluster_05","Lsat_1_v5_gn_4_5401","GO:0005622"
"Cluster_05","Lsat_1_v5_gn_4_5401","GO:0006886"
"Cluster_05","Lsat_1_v5_gn_4_5401","GO:0007264"
"Cluster_05","Lsat_1_v5_gn_4_57080","GO:0005680"
"Cluster_05","Lsat_1_v5_gn_4_57080","GO:0030071"
"Cluster_05","Lsat_1_v5_gn_4_57080","GO:0031145"
"Cluster_05","Lsat_1_v5_gn_4_58800","GO:0016491"
"Cluster_05","Lsat_1_v5_gn_4_58800","GO:0016706"
"Cluster_05","Lsat_1_v5_gn_4_58800","GO:0055114"
"Cluster_05","Lsat_1_v5_gn_4_60120","GO:0005506"
"Cluster_05","Lsat_1_v5_gn_4_60120","GO:0009055"
"Cluster_05","Lsat_1_v5_gn_4_60120","GO:0016705"
"Cluster_05","Lsat_1_v5_gn_4_60120","GO:0020037"
"Cluster_05","Lsat_1_v5_gn_4_60120","GO:0055114"
"Cluster_05","Lsat_1_v5_gn_4_60560","GO:0004553"
"Cluster_05","Lsat_1_v5_gn_4_60560","GO:0005975"
"Cluster_05","Lsat_1_v5_gn_4_69021","GO:0005634"
"Cluster_05","Lsat_1_v5_gn_4_69821","GO:0003735"
"Cluster_05","Lsat_1_v5_gn_4_69821","GO:0005622"
"Cluster_05","Lsat_1_v5_gn_4_69821","GO:0005840"
"Cluster_05","Lsat_1_v5_gn_4_69821","GO:0006412"
"Cluster_05","Lsat_1_v5_gn_4_69821","GO:0019843"
"Cluster_05","Lsat_1_v5_gn_4_74220","GO:0005215"
"Cluster_05","Lsat_1_v5_gn_4_74220","GO:0006810"
"Cluster_05","Lsat_1_v5_gn_4_74220","GO:0016020"
"Cluster_05","Lsat_1_v5_gn_4_74720","GO:0003755"
"Cluster_05","Lsat_1_v5_gn_4_74720","GO:0006457"
"Cluster_05","Lsat_1_v5_gn_4_76461","GO:0003824"
"Cluster_05","Lsat_1_v5_gn_4_76461","GO:0008152"
"Cluster_05","Lsat_1_v5_gn_4_76961","GO:0003735"
"Cluster_05","Lsat_1_v5_gn_4_76961","GO:0005622"
"Cluster_05","Lsat_1_v5_gn_4_76961","GO:0005840"
"Cluster_05","Lsat_1_v5_gn_4_76961","GO:0006412"
"Cluster_05","Lsat_1_v5_gn_4_76961","GO:0015934"
"Cluster_05","Lsat_1_v5_gn_4_77260","GO:0004672"
"Cluster_05","Lsat_1_v5_gn_4_77260","GO:0005524"
"Cluster_05","Lsat_1_v5_gn_4_77260","GO:0006468"
"Cluster_05","Lsat_1_v5_gn_4_77861","GO:0016620"
"Cluster_05","Lsat_1_v5_gn_4_77861","GO:0055114"
"Cluster_05","Lsat_1_v5_gn_4_78221","GO:0003887"
"Cluster_05","Lsat_1_v5_gn_4_78921","GO:0003677"
"Cluster_05","Lsat_1_v5_gn_4_78921","GO:0006355"
"Cluster_05","Lsat_1_v5_gn_4_84680","GO:0000166"
"Cluster_05","Lsat_1_v5_gn_4_84680","GO:0005515"
"Cluster_05","Lsat_1_v5_gn_4_84680","GO:0005524"
"Cluster_05","Lsat_1_v5_gn_4_84680","GO:0017111"
"Cluster_05","Lsat_1_v5_gn_4_84680","GO:0019538"
"Cluster_05","Lsat_1_v5_gn_4_85941","GO:0004672"
"Cluster_05","Lsat_1_v5_gn_4_85941","GO:0005524"
"Cluster_05","Lsat_1_v5_gn_4_85941","GO:0006468"
"Cluster_05","Lsat_1_v5_gn_4_8620","GO:0003682"
"Cluster_05","Lsat_1_v5_gn_4_87520","GO:0000077"
"Cluster_05","Lsat_1_v5_gn_4_87520","GO:0005730"
"Cluster_05","Lsat_1_v5_gn_4_87520","GO:0006281"
"Cluster_05","Lsat_1_v5_gn_4_87520","GO:0030896"
"Cluster_05","Lsat_1_v5_gn_4_88780","GO:0000275"
"Cluster_05","Lsat_1_v5_gn_4_88780","GO:0015986"
"Cluster_05","Lsat_1_v5_gn_4_88780","GO:0046933"
"Cluster_05","Lsat_1_v5_gn_4_88780","GO:0046961"
"Cluster_05","Lsat_1_v5_gn_4_89040","GO:0003676"
"Cluster_05","Lsat_1_v5_gn_4_89040","GO:0004386"
"Cluster_05","Lsat_1_v5_gn_4_89040","GO:0005524"
"Cluster_05","Lsat_1_v5_gn_4_89040","GO:0008026"
"Cluster_05","Lsat_1_v5_gn_4_89300","GO:0004672"
"Cluster_05","Lsat_1_v5_gn_4_89300","GO:0005524"
"Cluster_05","Lsat_1_v5_gn_4_89300","GO:0006468"
"Cluster_05","Lsat_1_v5_gn_4_92360","GO:0004857"
"Cluster_05","Lsat_1_v5_gn_4_92360","GO:0005618"
"Cluster_05","Lsat_1_v5_gn_4_92360","GO:0030599"
"Cluster_05","Lsat_1_v5_gn_4_92360","GO:0042545"
"Cluster_05","Lsat_1_v5_gn_4_92941","GO:0005515"
"Cluster_05","Lsat_1_v5_gn_4_92941","GO:0005524"
"Cluster_05","Lsat_1_v5_gn_4_92941","GO:0005634"
"Cluster_05","Lsat_1_v5_gn_4_92941","GO:0006355"
"Cluster_05","Lsat_1_v5_gn_4_92941","GO:0016818"
"Cluster_05","Lsat_1_v5_gn_4_96020","GO:0003735"
"Cluster_05","Lsat_1_v5_gn_4_96020","GO:0005622"
"Cluster_05","Lsat_1_v5_gn_4_96020","GO:0005840"
"Cluster_05","Lsat_1_v5_gn_4_96020","GO:0006412"
"Cluster_05","Lsat_1_v5_gn_4_9960","GO:0003723"
"Cluster_05","Lsat_1_v5_gn_4_9960","GO:0005622"
"Cluster_05","Lsat_1_v5_gn_4_9960","GO:0019843"
"Cluster_05","Lsat_1_v5_gn_5_102860","GO:0003924"
"Cluster_05","Lsat_1_v5_gn_5_102860","GO:0005525"
"Cluster_05","Lsat_1_v5_gn_5_102860","GO:0005622"
"Cluster_05","Lsat_1_v5_gn_5_102860","GO:0006184"
"Cluster_05","Lsat_1_v5_gn_5_102860","GO:0007165"
"Cluster_05","Lsat_1_v5_gn_5_102860","GO:0007264"
"Cluster_05","Lsat_1_v5_gn_5_102860","GO:0015031"
"Cluster_05","Lsat_1_v5_gn_5_102860","GO:0016020"
"Cluster_05","Lsat_1_v5_gn_5_104560","GO:0003746"
"Cluster_05","Lsat_1_v5_gn_5_104560","GO:0005515"
"Cluster_05","Lsat_1_v5_gn_5_104560","GO:0005853"
"Cluster_05","Lsat_1_v5_gn_5_104560","GO:0006414"
"Cluster_05","Lsat_1_v5_gn_5_106761","GO:0004553"
"Cluster_05","Lsat_1_v5_gn_5_106761","GO:0005975"
"Cluster_05","Lsat_1_v5_gn_5_108680","GO:0004659"
"Cluster_05","Lsat_1_v5_gn_5_108680","GO:0016021"
"Cluster_05","Lsat_1_v5_gn_5_110420","GO:0003735"
"Cluster_05","Lsat_1_v5_gn_5_110420","GO:0005622"
"Cluster_05","Lsat_1_v5_gn_5_110420","GO:0005840"
"Cluster_05","Lsat_1_v5_gn_5_110420","GO:0006412"
"Cluster_05","Lsat_1_v5_gn_5_113180","GO:0003676"
"Cluster_05","Lsat_1_v5_gn_5_114560","GO:0005634"
"Cluster_05","Lsat_1_v5_gn_5_114741","GO:0004617"
"Cluster_05","Lsat_1_v5_gn_5_114741","GO:0006564"
"Cluster_05","Lsat_1_v5_gn_5_114741","GO:0008152"
"Cluster_05","Lsat_1_v5_gn_5_114741","GO:0016597"
"Cluster_05","Lsat_1_v5_gn_5_114741","GO:0016616"
"Cluster_05","Lsat_1_v5_gn_5_114741","GO:0048037"
"Cluster_05","Lsat_1_v5_gn_5_114741","GO:0051287"
"Cluster_05","Lsat_1_v5_gn_5_114741","GO:0055114"
"Cluster_05","Lsat_1_v5_gn_5_115801","GO:0003676"
"Cluster_05","Lsat_1_v5_gn_5_115801","GO:0003723"
"Cluster_05","Lsat_1_v5_gn_5_117761","GO:0003682"
"Cluster_05","Lsat_1_v5_gn_5_119940","GO:0004097"
"Cluster_05","Lsat_1_v5_gn_5_119940","GO:0008152"
"Cluster_05","Lsat_1_v5_gn_5_119940","GO:0016491"
"Cluster_05","Lsat_1_v5_gn_5_119940","GO:0055114"
"Cluster_05","Lsat_1_v5_gn_5_121081","GO:0005515"
"Cluster_05","Lsat_1_v5_gn_5_121181","GO:0004672"
"Cluster_05","Lsat_1_v5_gn_5_121181","GO:0005524"
"Cluster_05","Lsat_1_v5_gn_5_121181","GO:0006468"
"Cluster_05","Lsat_1_v5_gn_5_122520","GO:0004252"
"Cluster_05","Lsat_1_v5_gn_5_122520","GO:0006508"
"Cluster_05","Lsat_1_v5_gn_5_122520","GO:0042802"
"Cluster_05","Lsat_1_v5_gn_5_122520","GO:0043086"
"Cluster_05","Lsat_1_v5_gn_5_124440","GO:0004553"
"Cluster_05","Lsat_1_v5_gn_5_124440","GO:0005975"
"Cluster_05","Lsat_1_v5_gn_5_126341","GO:0005622"
"Cluster_05","Lsat_1_v5_gn_5_126341","GO:0008270"
"Cluster_05","Lsat_1_v5_gn_5_128041","GO:0003857"
"Cluster_05","Lsat_1_v5_gn_5_128041","GO:0006631"
"Cluster_05","Lsat_1_v5_gn_5_128041","GO:0016491"
"Cluster_05","Lsat_1_v5_gn_5_128041","GO:0055114"
"Cluster_05","Lsat_1_v5_gn_5_130440","GO:0003735"
"Cluster_05","Lsat_1_v5_gn_5_130440","GO:0005622"
"Cluster_05","Lsat_1_v5_gn_5_130440","GO:0005840"
"Cluster_05","Lsat_1_v5_gn_5_130440","GO:0006412"
"Cluster_05","Lsat_1_v5_gn_5_130540","GO:0004672"
"Cluster_05","Lsat_1_v5_gn_5_130540","GO:0005524"
"Cluster_05","Lsat_1_v5_gn_5_130540","GO:0006468"
"Cluster_05","Lsat_1_v5_gn_5_132601","GO:0004129"
"Cluster_05","Lsat_1_v5_gn_5_132601","GO:0005740"
"Cluster_05","Lsat_1_v5_gn_5_133201","GO:0016491"
"Cluster_05","Lsat_1_v5_gn_5_133201","GO:0016706"
"Cluster_05","Lsat_1_v5_gn_5_133201","GO:0055114"
"Cluster_05","Lsat_1_v5_gn_5_133681","GO:0004672"
"Cluster_05","Lsat_1_v5_gn_5_133681","GO:0006468"
"Cluster_05","Lsat_1_v5_gn_5_134080","GO:0003735"
"Cluster_05","Lsat_1_v5_gn_5_134080","GO:0005622"
"Cluster_05","Lsat_1_v5_gn_5_134080","GO:0005840"
"Cluster_05","Lsat_1_v5_gn_5_134080","GO:0006412"
"Cluster_05","Lsat_1_v5_gn_5_13520","GO:0005515"
"Cluster_05","Lsat_1_v5_gn_5_13561","GO:0004055"
"Cluster_05","Lsat_1_v5_gn_5_13561","GO:0005524"
"Cluster_05","Lsat_1_v5_gn_5_13561","GO:0006526"
"Cluster_05","Lsat_1_v5_gn_5_13621","GO:0003735"
"Cluster_05","Lsat_1_v5_gn_5_13621","GO:0005622"
"Cluster_05","Lsat_1_v5_gn_5_13621","GO:0005840"
"Cluster_05","Lsat_1_v5_gn_5_13621","GO:0006412"
"Cluster_05","Lsat_1_v5_gn_5_13621","GO:0015934"
"Cluster_05","Lsat_1_v5_gn_5_138841","GO:0003743"
"Cluster_05","Lsat_1_v5_gn_5_138841","GO:0005634"
"Cluster_05","Lsat_1_v5_gn_5_138841","GO:0006413"
"Cluster_05","Lsat_1_v5_gn_5_14121","GO:0005507"
"Cluster_05","Lsat_1_v5_gn_5_14121","GO:0008131"
"Cluster_05","Lsat_1_v5_gn_5_14121","GO:0009308"
"Cluster_05","Lsat_1_v5_gn_5_14121","GO:0048038"
"Cluster_05","Lsat_1_v5_gn_5_14121","GO:0055114"
"Cluster_05","Lsat_1_v5_gn_5_142541","GO:0005515"
"Cluster_05","Lsat_1_v5_gn_5_142921","GO:0003735"
"Cluster_05","Lsat_1_v5_gn_5_142921","GO:0005622"
"Cluster_05","Lsat_1_v5_gn_5_142921","GO:0005840"
"Cluster_05","Lsat_1_v5_gn_5_142921","GO:0006412"
"Cluster_05","Lsat_1_v5_gn_5_146000","GO:0000276"
"Cluster_05","Lsat_1_v5_gn_5_146000","GO:0015078"
"Cluster_05","Lsat_1_v5_gn_5_146000","GO:0015986"
"Cluster_05","Lsat_1_v5_gn_5_146080","GO:0003735"
"Cluster_05","Lsat_1_v5_gn_5_146080","GO:0005622"
"Cluster_05","Lsat_1_v5_gn_5_146080","GO:0005840"
"Cluster_05","Lsat_1_v5_gn_5_146080","GO:0006412"
"Cluster_05","Lsat_1_v5_gn_5_146141","GO:0003676"
"Cluster_05","Lsat_1_v5_gn_5_146141","GO:0003723"
"Cluster_05","Lsat_1_v5_gn_5_146141","GO:0008270"
"Cluster_05","Lsat_1_v5_gn_5_149541","GO:0003723"
"Cluster_05","Lsat_1_v5_gn_5_149541","GO:0003735"
"Cluster_05","Lsat_1_v5_gn_5_149541","GO:0005622"
"Cluster_05","Lsat_1_v5_gn_5_149541","GO:0005840"
"Cluster_05","Lsat_1_v5_gn_5_149541","GO:0006412"
"Cluster_05","Lsat_1_v5_gn_5_150381","GO:0042823"
"Cluster_05","Lsat_1_v5_gn_5_15800","GO:0004407"
"Cluster_05","Lsat_1_v5_gn_5_15800","GO:0016575"
"Cluster_05","Lsat_1_v5_gn_5_159601","GO:0005509"
"Cluster_05","Lsat_1_v5_gn_5_162421","GO:0003735"
"Cluster_05","Lsat_1_v5_gn_5_162421","GO:0005622"
"Cluster_05","Lsat_1_v5_gn_5_162421","GO:0005840"
"Cluster_05","Lsat_1_v5_gn_5_162421","GO:0006412"
"Cluster_05","Lsat_1_v5_gn_5_164460","GO:0003677"
"Cluster_05","Lsat_1_v5_gn_5_164460","GO:0003700"
"Cluster_05","Lsat_1_v5_gn_5_164460","GO:0005634"
"Cluster_05","Lsat_1_v5_gn_5_164460","GO:0006355"
"Cluster_05","Lsat_1_v5_gn_5_164460","GO:0043565"
"Cluster_05","Lsat_1_v5_gn_5_168241","GO:0008152"
"Cluster_05","Lsat_1_v5_gn_5_168241","GO:0016758"
"Cluster_05","Lsat_1_v5_gn_5_168601","GO:0003735"
"Cluster_05","Lsat_1_v5_gn_5_168601","GO:0005622"
"Cluster_05","Lsat_1_v5_gn_5_168601","GO:0005840"
"Cluster_05","Lsat_1_v5_gn_5_168601","GO:0006412"
"Cluster_05","Lsat_1_v5_gn_5_169601","GO:0005672"
"Cluster_05","Lsat_1_v5_gn_5_169601","GO:0006367"
"Cluster_05","Lsat_1_v5_gn_5_17000","GO:0003735"
"Cluster_05","Lsat_1_v5_gn_5_17000","GO:0005761"
"Cluster_05","Lsat_1_v5_gn_5_17000","GO:0006412"
"Cluster_05","Lsat_1_v5_gn_5_170261","GO:0016020"
"Cluster_05","Lsat_1_v5_gn_5_170261","GO:0022904"
"Cluster_05","Lsat_1_v5_gn_5_174901","GO:0003735"
"Cluster_05","Lsat_1_v5_gn_5_174901","GO:0005622"
"Cluster_05","Lsat_1_v5_gn_5_174901","GO:0005840"
"Cluster_05","Lsat_1_v5_gn_5_174901","GO:0006412"
"Cluster_05","Lsat_1_v5_gn_5_177641","GO:0000079"
"Cluster_05","Lsat_1_v5_gn_5_177641","GO:0006355"
"Cluster_05","Lsat_1_v5_gn_5_177641","GO:0019901"
"Cluster_05","Lsat_1_v5_gn_5_17960","GO:0005515"
"Cluster_05","Lsat_1_v5_gn_5_17960","GO:0005680"
"Cluster_05","Lsat_1_v5_gn_5_17960","GO:0030071"
"Cluster_05","Lsat_1_v5_gn_5_179901","GO:0005525"
"Cluster_05","Lsat_1_v5_gn_5_180300","GO:0003735"
"Cluster_05","Lsat_1_v5_gn_5_180300","GO:0005840"
"Cluster_05","Lsat_1_v5_gn_5_180300","GO:0006412"
"Cluster_05","Lsat_1_v5_gn_5_180300","GO:0015934"
"Cluster_05","Lsat_1_v5_gn_5_180640","GO:0005515"
"Cluster_05","Lsat_1_v5_gn_5_180820","GO:0005515"
"Cluster_05","Lsat_1_v5_gn_5_182240","GO:0016491"
"Cluster_05","Lsat_1_v5_gn_5_182240","GO:0016706"
"Cluster_05","Lsat_1_v5_gn_5_182240","GO:0055114"
"Cluster_05","Lsat_1_v5_gn_5_183820","GO:0003735"
"Cluster_05","Lsat_1_v5_gn_5_183820","GO:0005840"
"Cluster_05","Lsat_1_v5_gn_5_183820","GO:0006412"
"Cluster_05","Lsat_1_v5_gn_5_183861","GO:0042254"
"Cluster_05","Lsat_1_v5_gn_5_184101","GO:0003735"
"Cluster_05","Lsat_1_v5_gn_5_184101","GO:0005622"
"Cluster_05","Lsat_1_v5_gn_5_184101","GO:0005840"
"Cluster_05","Lsat_1_v5_gn_5_184101","GO:0006412"
"Cluster_05","Lsat_1_v5_gn_5_184421","GO:0003723"
"Cluster_05","Lsat_1_v5_gn_5_184421","GO:0003735"
"Cluster_05","Lsat_1_v5_gn_5_184421","GO:0005622"
"Cluster_05","Lsat_1_v5_gn_5_184421","GO:0005840"
"Cluster_05","Lsat_1_v5_gn_5_184421","GO:0006412"
"Cluster_05","Lsat_1_v5_gn_5_186200","GO:0004672"
"Cluster_05","Lsat_1_v5_gn_5_186200","GO:0005524"
"Cluster_05","Lsat_1_v5_gn_5_186200","GO:0006468"
"Cluster_05","Lsat_1_v5_gn_5_187481","GO:0006397"
"Cluster_05","Lsat_1_v5_gn_5_188801","GO:0000398"
"Cluster_05","Lsat_1_v5_gn_5_188801","GO:0005681"
"Cluster_05","Lsat_1_v5_gn_5_189020","GO:0009055"
"Cluster_05","Lsat_1_v5_gn_5_189020","GO:0015035"
"Cluster_05","Lsat_1_v5_gn_5_189020","GO:0045454"
"Cluster_05","Lsat_1_v5_gn_5_190381","GO:0003735"
"Cluster_05","Lsat_1_v5_gn_5_190381","GO:0005622"
"Cluster_05","Lsat_1_v5_gn_5_190381","GO:0005840"
"Cluster_05","Lsat_1_v5_gn_5_190381","GO:0006412"
"Cluster_05","Lsat_1_v5_gn_5_190500","GO:0003735"
"Cluster_05","Lsat_1_v5_gn_5_190500","GO:0005622"
"Cluster_05","Lsat_1_v5_gn_5_190500","GO:0005840"
"Cluster_05","Lsat_1_v5_gn_5_190500","GO:0006412"
"Cluster_05","Lsat_1_v5_gn_5_190780","GO:0003735"
"Cluster_05","Lsat_1_v5_gn_5_190780","GO:0005622"
"Cluster_05","Lsat_1_v5_gn_5_190780","GO:0005840"
"Cluster_05","Lsat_1_v5_gn_5_190780","GO:0006412"
"Cluster_05","Lsat_1_v5_gn_5_191120","GO:0003676"
"Cluster_05","Lsat_1_v5_gn_5_191521","GO:0006364"
"Cluster_05","Lsat_1_v5_gn_5_191521","GO:0032040"
"Cluster_05","Lsat_1_v5_gn_5_19360","GO:0005515"
"Cluster_05","Lsat_1_v5_gn_5_19360","GO:0008017"
"Cluster_05","Lsat_1_v5_gn_5_20081","GO:0003735"
"Cluster_05","Lsat_1_v5_gn_5_20081","GO:0005622"
"Cluster_05","Lsat_1_v5_gn_5_20081","GO:0005840"
"Cluster_05","Lsat_1_v5_gn_5_20081","GO:0006412"
"Cluster_05","Lsat_1_v5_gn_5_23241","GO:0003989"
"Cluster_05","Lsat_1_v5_gn_5_23241","GO:0006633"
"Cluster_05","Lsat_1_v5_gn_5_23241","GO:0009317"
"Cluster_05","Lsat_1_v5_gn_5_24320","GO:0003676"
"Cluster_05","Lsat_1_v5_gn_5_24661","GO:0046983"
"Cluster_05","Lsat_1_v5_gn_5_26601","GO:0003735"
"Cluster_05","Lsat_1_v5_gn_5_26601","GO:0005622"
"Cluster_05","Lsat_1_v5_gn_5_26601","GO:0005840"
"Cluster_05","Lsat_1_v5_gn_5_26601","GO:0006412"
"Cluster_05","Lsat_1_v5_gn_5_26601","GO:0015935"
"Cluster_05","Lsat_1_v5_gn_5_27201","GO:0000786"
"Cluster_05","Lsat_1_v5_gn_5_27201","GO:0003677"
"Cluster_05","Lsat_1_v5_gn_5_27201","GO:0005634"
"Cluster_05","Lsat_1_v5_gn_5_27201","GO:0006334"
"Cluster_05","Lsat_1_v5_gn_5_3021","GO:0000105"
"Cluster_05","Lsat_1_v5_gn_5_3221","GO:0003824"
"Cluster_05","Lsat_1_v5_gn_5_32440","GO:0003824"
"Cluster_05","Lsat_1_v5_gn_5_33160","GO:0003723"
"Cluster_05","Lsat_1_v5_gn_5_33160","GO:0005634"
"Cluster_05","Lsat_1_v5_gn_5_33160","GO:0006396"
"Cluster_05","Lsat_1_v5_gn_5_33160","GO:0030529"
"Cluster_05","Lsat_1_v5_gn_5_3361","GO:0003735"
"Cluster_05","Lsat_1_v5_gn_5_3361","GO:0005622"
"Cluster_05","Lsat_1_v5_gn_5_3361","GO:0005840"
"Cluster_05","Lsat_1_v5_gn_5_3361","GO:0006412"
"Cluster_05","Lsat_1_v5_gn_5_40061","GO:0005515"
"Cluster_05","Lsat_1_v5_gn_5_40061","GO:0008270"
"Cluster_05","Lsat_1_v5_gn_5_42501","GO:0004672"
"Cluster_05","Lsat_1_v5_gn_5_42501","GO:0005524"
"Cluster_05","Lsat_1_v5_gn_5_42501","GO:0006468"
"Cluster_05","Lsat_1_v5_gn_5_42501","GO:0009055"
"Cluster_05","Lsat_1_v5_gn_5_42501","GO:0015035"
"Cluster_05","Lsat_1_v5_gn_5_42501","GO:0045454"
"Cluster_05","Lsat_1_v5_gn_5_4380","GO:0003735"
"Cluster_05","Lsat_1_v5_gn_5_4380","GO:0005622"
"Cluster_05","Lsat_1_v5_gn_5_4380","GO:0005840"
"Cluster_05","Lsat_1_v5_gn_5_4380","GO:0006412"
"Cluster_05","Lsat_1_v5_gn_5_45360","GO:0016428"
"Cluster_05","Lsat_1_v5_gn_5_45560","GO:0003824"
"Cluster_05","Lsat_1_v5_gn_5_45560","GO:0004084"
"Cluster_05","Lsat_1_v5_gn_5_45560","GO:0008152"
"Cluster_05","Lsat_1_v5_gn_5_45560","GO:0009081"
"Cluster_05","Lsat_1_v5_gn_5_50320","GO:0009521"
"Cluster_05","Lsat_1_v5_gn_5_50320","GO:0009767"
"Cluster_05","Lsat_1_v5_gn_5_50320","GO:0016020"
"Cluster_05","Lsat_1_v5_gn_5_50320","GO:0016168"
"Cluster_05","Lsat_1_v5_gn_5_50320","GO:0019684"
"Cluster_05","Lsat_1_v5_gn_5_50601","GO:0000272"
"Cluster_05","Lsat_1_v5_gn_5_50601","GO:0016161"
"Cluster_05","Lsat_1_v5_gn_5_65220","GO:0004672"
"Cluster_05","Lsat_1_v5_gn_5_65220","GO:0005524"
"Cluster_05","Lsat_1_v5_gn_5_65220","GO:0006468"
"Cluster_05","Lsat_1_v5_gn_5_65521","GO:0005509"
"Cluster_05","Lsat_1_v5_gn_5_67280","GO:0003735"
"Cluster_05","Lsat_1_v5_gn_5_67280","GO:0005622"
"Cluster_05","Lsat_1_v5_gn_5_67280","GO:0005840"
"Cluster_05","Lsat_1_v5_gn_5_67280","GO:0006412"
"Cluster_05","Lsat_1_v5_gn_5_67841","GO:0003735"
"Cluster_05","Lsat_1_v5_gn_5_67841","GO:0005622"
"Cluster_05","Lsat_1_v5_gn_5_67841","GO:0005840"
"Cluster_05","Lsat_1_v5_gn_5_67841","GO:0006412"
"Cluster_05","Lsat_1_v5_gn_5_72701","GO:0003735"
"Cluster_05","Lsat_1_v5_gn_5_72701","GO:0005840"
"Cluster_05","Lsat_1_v5_gn_5_72701","GO:0006412"
"Cluster_05","Lsat_1_v5_gn_5_74281","GO:0004672"
"Cluster_05","Lsat_1_v5_gn_5_74281","GO:0005524"
"Cluster_05","Lsat_1_v5_gn_5_74281","GO:0006468"
"Cluster_05","Lsat_1_v5_gn_5_7581","GO:0003735"
"Cluster_05","Lsat_1_v5_gn_5_7581","GO:0005622"
"Cluster_05","Lsat_1_v5_gn_5_7581","GO:0005840"
"Cluster_05","Lsat_1_v5_gn_5_7581","GO:0006412"
"Cluster_05","Lsat_1_v5_gn_5_78861","GO:0000786"
"Cluster_05","Lsat_1_v5_gn_5_78861","GO:0003677"
"Cluster_05","Lsat_1_v5_gn_5_78861","GO:0005634"
"Cluster_05","Lsat_1_v5_gn_5_78861","GO:0006334"
"Cluster_05","Lsat_1_v5_gn_5_80461","GO:0001522"
"Cluster_05","Lsat_1_v5_gn_5_80461","GO:0003723"
"Cluster_05","Lsat_1_v5_gn_5_80461","GO:0009451"
"Cluster_05","Lsat_1_v5_gn_5_80461","GO:0009982"
"Cluster_05","Lsat_1_v5_gn_5_8180","GO:0003735"
"Cluster_05","Lsat_1_v5_gn_5_8180","GO:0005622"
"Cluster_05","Lsat_1_v5_gn_5_8180","GO:0005840"
"Cluster_05","Lsat_1_v5_gn_5_8180","GO:0006412"
"Cluster_05","Lsat_1_v5_gn_5_82881","GO:0004252"
"Cluster_05","Lsat_1_v5_gn_5_82881","GO:0005618"
"Cluster_05","Lsat_1_v5_gn_5_82881","GO:0006508"
"Cluster_05","Lsat_1_v5_gn_5_82881","GO:0016020"
"Cluster_05","Lsat_1_v5_gn_5_82881","GO:0042802"
"Cluster_05","Lsat_1_v5_gn_5_82881","GO:0043086"
"Cluster_05","Lsat_1_v5_gn_5_83860","GO:0005515"
"Cluster_05","Lsat_1_v5_gn_5_89181","GO:0000786"
"Cluster_05","Lsat_1_v5_gn_5_89181","GO:0003677"
"Cluster_05","Lsat_1_v5_gn_5_89181","GO:0005634"
"Cluster_05","Lsat_1_v5_gn_5_89181","GO:0006334"
"Cluster_05","Lsat_1_v5_gn_5_89241","GO:0000786"
"Cluster_05","Lsat_1_v5_gn_5_89241","GO:0003677"
"Cluster_05","Lsat_1_v5_gn_5_89241","GO:0005634"
"Cluster_05","Lsat_1_v5_gn_5_89241","GO:0006334"
"Cluster_05","Lsat_1_v5_gn_5_91020","GO:0004221"
"Cluster_05","Lsat_1_v5_gn_5_91020","GO:0006511"
"Cluster_05","Lsat_1_v5_gn_5_97961","GO:0006479"
"Cluster_05","Lsat_1_v5_gn_5_97961","GO:0008168"
"Cluster_05","Lsat_1_v5_gn_5_99441","GO:0006633"
"Cluster_05","Lsat_1_v5_gn_5_99441","GO:0016790"
"Cluster_05","Lsat_1_v5_gn_6_101001","GO:0003924"
"Cluster_05","Lsat_1_v5_gn_6_101001","GO:0005525"
"Cluster_05","Lsat_1_v5_gn_6_101001","GO:0005622"
"Cluster_05","Lsat_1_v5_gn_6_101001","GO:0006184"
"Cluster_05","Lsat_1_v5_gn_6_101001","GO:0006886"
"Cluster_05","Lsat_1_v5_gn_6_101001","GO:0006913"
"Cluster_05","Lsat_1_v5_gn_6_101001","GO:0007165"
"Cluster_05","Lsat_1_v5_gn_6_101001","GO:0007264"
"Cluster_05","Lsat_1_v5_gn_6_101001","GO:0015031"
"Cluster_05","Lsat_1_v5_gn_6_101001","GO:0016020"
"Cluster_05","Lsat_1_v5_gn_6_101900","GO:0004601"
"Cluster_05","Lsat_1_v5_gn_6_101900","GO:0006979"
"Cluster_05","Lsat_1_v5_gn_6_101900","GO:0020037"
"Cluster_05","Lsat_1_v5_gn_6_101900","GO:0055114"
"Cluster_05","Lsat_1_v5_gn_6_10680","GO:0005515"
"Cluster_05","Lsat_1_v5_gn_6_10680","GO:0005524"
"Cluster_05","Lsat_1_v5_gn_6_10680","GO:0005634"
"Cluster_05","Lsat_1_v5_gn_6_10680","GO:0006355"
"Cluster_05","Lsat_1_v5_gn_6_10680","GO:0016818"
"Cluster_05","Lsat_1_v5_gn_6_110320","GO:0004672"
"Cluster_05","Lsat_1_v5_gn_6_110320","GO:0005524"
"Cluster_05","Lsat_1_v5_gn_6_110320","GO:0006468"
"Cluster_05","Lsat_1_v5_gn_6_110320","GO:0006950"
"Cluster_05","Lsat_1_v5_gn_6_112541","GO:0003735"
"Cluster_05","Lsat_1_v5_gn_6_112541","GO:0005622"
"Cluster_05","Lsat_1_v5_gn_6_112541","GO:0005840"
"Cluster_05","Lsat_1_v5_gn_6_112541","GO:0006412"
"Cluster_05","Lsat_1_v5_gn_6_112600","GO:0006629"
"Cluster_05","Lsat_1_v5_gn_6_112600","GO:0016788"
"Cluster_05","Lsat_1_v5_gn_6_112880","GO:0003723"
"Cluster_05","Lsat_1_v5_gn_6_112880","GO:0003964"
"Cluster_05","Lsat_1_v5_gn_6_112880","GO:0006278"
"Cluster_05","Lsat_1_v5_gn_6_112880","GO:0006397"
"Cluster_05","Lsat_1_v5_gn_6_112960","GO:0005506"
"Cluster_05","Lsat_1_v5_gn_6_112960","GO:0009055"
"Cluster_05","Lsat_1_v5_gn_6_112960","GO:0016705"
"Cluster_05","Lsat_1_v5_gn_6_112960","GO:0020037"
"Cluster_05","Lsat_1_v5_gn_6_112960","GO:0055114"
"Cluster_05","Lsat_1_v5_gn_6_117460","GO:0003735"
"Cluster_05","Lsat_1_v5_gn_6_117460","GO:0005622"
"Cluster_05","Lsat_1_v5_gn_6_117460","GO:0005840"
"Cluster_05","Lsat_1_v5_gn_6_117460","GO:0006412"
"Cluster_05","Lsat_1_v5_gn_6_117480","GO:0003735"
"Cluster_05","Lsat_1_v5_gn_6_117480","GO:0005622"
"Cluster_05","Lsat_1_v5_gn_6_117480","GO:0005840"
"Cluster_05","Lsat_1_v5_gn_6_117480","GO:0006412"
"Cluster_05","Lsat_1_v5_gn_6_118141","GO:0004672"
"Cluster_05","Lsat_1_v5_gn_6_118141","GO:0005524"
"Cluster_05","Lsat_1_v5_gn_6_118141","GO:0006468"
"Cluster_05","Lsat_1_v5_gn_6_118141","GO:0007165"
"Cluster_05","Lsat_1_v5_gn_6_11820","GO:0016881"
"Cluster_05","Lsat_1_v5_gn_6_11860","GO:0003700"
"Cluster_05","Lsat_1_v5_gn_6_11860","GO:0006355"
"Cluster_05","Lsat_1_v5_gn_6_11921","GO:0005622"
"Cluster_05","Lsat_1_v5_gn_6_11921","GO:0006396"
"Cluster_05","Lsat_1_v5_gn_6_12941","GO:0046907"
"Cluster_05","Lsat_1_v5_gn_6_13221","GO:0003723"
"Cluster_05","Lsat_1_v5_gn_6_14000","GO:0005515"
"Cluster_05","Lsat_1_v5_gn_6_1600","GO:0004672"
"Cluster_05","Lsat_1_v5_gn_6_1600","GO:0004871"
"Cluster_05","Lsat_1_v5_gn_6_1600","GO:0005524"
"Cluster_05","Lsat_1_v5_gn_6_1600","GO:0006468"
"Cluster_05","Lsat_1_v5_gn_6_1600","GO:0007165"
"Cluster_05","Lsat_1_v5_gn_6_16060","GO:0006801"
"Cluster_05","Lsat_1_v5_gn_6_16060","GO:0046872"
"Cluster_05","Lsat_1_v5_gn_6_16060","GO:0055114"
"Cluster_05","Lsat_1_v5_gn_6_19400","GO:0003700"
"Cluster_05","Lsat_1_v5_gn_6_19400","GO:0006355"
"Cluster_05","Lsat_1_v5_gn_6_19400","GO:0008270"
"Cluster_05","Lsat_1_v5_gn_6_19400","GO:0043565"
"Cluster_05","Lsat_1_v5_gn_6_24021","GO:0003677"
"Cluster_05","Lsat_1_v5_gn_6_24021","GO:0006355"
"Cluster_05","Lsat_1_v5_gn_6_24021","GO:0008270"
"Cluster_05","Lsat_1_v5_gn_6_25701","GO:0000166"
"Cluster_05","Lsat_1_v5_gn_6_25701","GO:0005524"
"Cluster_05","Lsat_1_v5_gn_6_25701","GO:0016020"
"Cluster_05","Lsat_1_v5_gn_6_25701","GO:0016887"
"Cluster_05","Lsat_1_v5_gn_6_25701","GO:0017111"
"Cluster_05","Lsat_1_v5_gn_6_25741","GO:0000166"
"Cluster_05","Lsat_1_v5_gn_6_25741","GO:0005524"
"Cluster_05","Lsat_1_v5_gn_6_25741","GO:0016020"
"Cluster_05","Lsat_1_v5_gn_6_25741","GO:0016887"
"Cluster_05","Lsat_1_v5_gn_6_25741","GO:0017111"
"Cluster_05","Lsat_1_v5_gn_6_28821","GO:0008152"
"Cluster_05","Lsat_1_v5_gn_6_28821","GO:0016758"
"Cluster_05","Lsat_1_v5_gn_6_29060","GO:0004794"
"Cluster_05","Lsat_1_v5_gn_6_29060","GO:0009097"
"Cluster_05","Lsat_1_v5_gn_6_29580","GO:0003677"
"Cluster_05","Lsat_1_v5_gn_6_29580","GO:0003824"
"Cluster_05","Lsat_1_v5_gn_6_29580","GO:0003918"
"Cluster_05","Lsat_1_v5_gn_6_29580","GO:0005524"
"Cluster_05","Lsat_1_v5_gn_6_29580","GO:0005694"
"Cluster_05","Lsat_1_v5_gn_6_29580","GO:0006259"
"Cluster_05","Lsat_1_v5_gn_6_29580","GO:0006265"
"Cluster_05","Lsat_1_v5_gn_6_29600","GO:0003700"
"Cluster_05","Lsat_1_v5_gn_6_29600","GO:0006355"
"Cluster_05","Lsat_1_v5_gn_6_30420","GO:0005515"
"Cluster_05","Lsat_1_v5_gn_6_31000","GO:0009058"
"Cluster_05","Lsat_1_v5_gn_6_31000","GO:0016841"
"Cluster_05","Lsat_1_v5_gn_6_32381","GO:0000786"
"Cluster_05","Lsat_1_v5_gn_6_32381","GO:0003677"
"Cluster_05","Lsat_1_v5_gn_6_32381","GO:0005634"
"Cluster_05","Lsat_1_v5_gn_6_32381","GO:0006334"
"Cluster_05","Lsat_1_v5_gn_6_34200","GO:0000166"
"Cluster_05","Lsat_1_v5_gn_6_34200","GO:0005524"
"Cluster_05","Lsat_1_v5_gn_6_34200","GO:0016020"
"Cluster_05","Lsat_1_v5_gn_6_34200","GO:0016887"
"Cluster_05","Lsat_1_v5_gn_6_34200","GO:0017111"
"Cluster_05","Lsat_1_v5_gn_6_36821","GO:0008152"
"Cluster_05","Lsat_1_v5_gn_6_36821","GO:0016491"
"Cluster_05","Lsat_1_v5_gn_6_37201","GO:0003735"
"Cluster_05","Lsat_1_v5_gn_6_37201","GO:0005622"
"Cluster_05","Lsat_1_v5_gn_6_37201","GO:0005840"
"Cluster_05","Lsat_1_v5_gn_6_37201","GO:0006412"
"Cluster_05","Lsat_1_v5_gn_6_38501","GO:0003677"
"Cluster_05","Lsat_1_v5_gn_6_38501","GO:0006355"
"Cluster_05","Lsat_1_v5_gn_6_38741","GO:0005740"
"Cluster_05","Lsat_1_v5_gn_6_38741","GO:0005750"
"Cluster_05","Lsat_1_v5_gn_6_38741","GO:0006122"
"Cluster_05","Lsat_1_v5_gn_6_38921","GO:0005515"
"Cluster_05","Lsat_1_v5_gn_6_38921","GO:0005622"
"Cluster_05","Lsat_1_v5_gn_6_38921","GO:0007165"
"Cluster_05","Lsat_1_v5_gn_6_4021","GO:0003676"
"Cluster_05","Lsat_1_v5_gn_6_40981","GO:0080019"
"Cluster_05","Lsat_1_v5_gn_6_47340","GO:0005215"
"Cluster_05","Lsat_1_v5_gn_6_47340","GO:0005743"
"Cluster_05","Lsat_1_v5_gn_6_47340","GO:0006810"
"Cluster_05","Lsat_1_v5_gn_6_47340","GO:0055085"
"Cluster_05","Lsat_1_v5_gn_6_47421","GO:0004030"
"Cluster_05","Lsat_1_v5_gn_6_47421","GO:0006081"
"Cluster_05","Lsat_1_v5_gn_6_47421","GO:0008152"
"Cluster_05","Lsat_1_v5_gn_6_47421","GO:0016491"
"Cluster_05","Lsat_1_v5_gn_6_47421","GO:0055114"
"Cluster_05","Lsat_1_v5_gn_6_48661","GO:0000786"
"Cluster_05","Lsat_1_v5_gn_6_48661","GO:0003677"
"Cluster_05","Lsat_1_v5_gn_6_48661","GO:0006334"
"Cluster_05","Lsat_1_v5_gn_6_54880","GO:0004672"
"Cluster_05","Lsat_1_v5_gn_6_54880","GO:0004713"
"Cluster_05","Lsat_1_v5_gn_6_54880","GO:0006468"
"Cluster_05","Lsat_1_v5_gn_6_5661","GO:0005215"
"Cluster_05","Lsat_1_v5_gn_6_5661","GO:0006810"
"Cluster_05","Lsat_1_v5_gn_6_5661","GO:0016020"
"Cluster_05","Lsat_1_v5_gn_6_58760","GO:0003735"
"Cluster_05","Lsat_1_v5_gn_6_58760","GO:0005622"
"Cluster_05","Lsat_1_v5_gn_6_58760","GO:0005840"
"Cluster_05","Lsat_1_v5_gn_6_58760","GO:0006412"
"Cluster_05","Lsat_1_v5_gn_6_59181","GO:0003676"
"Cluster_05","Lsat_1_v5_gn_6_63340","GO:0003777"
"Cluster_05","Lsat_1_v5_gn_6_63340","GO:0005524"
"Cluster_05","Lsat_1_v5_gn_6_63340","GO:0005875"
"Cluster_05","Lsat_1_v5_gn_6_63340","GO:0007018"
"Cluster_05","Lsat_1_v5_gn_6_68501","GO:0003735"
"Cluster_05","Lsat_1_v5_gn_6_68501","GO:0005840"
"Cluster_05","Lsat_1_v5_gn_6_68501","GO:0006412"
"Cluster_05","Lsat_1_v5_gn_6_69061","GO:0003735"
"Cluster_05","Lsat_1_v5_gn_6_69061","GO:0005622"
"Cluster_05","Lsat_1_v5_gn_6_69061","GO:0005840"
"Cluster_05","Lsat_1_v5_gn_6_69061","GO:0006412"
"Cluster_05","Lsat_1_v5_gn_6_69081","GO:0003735"
"Cluster_05","Lsat_1_v5_gn_6_69081","GO:0005840"
"Cluster_05","Lsat_1_v5_gn_6_69081","GO:0006412"
"Cluster_05","Lsat_1_v5_gn_6_69320","GO:0003735"
"Cluster_05","Lsat_1_v5_gn_6_69320","GO:0005622"
"Cluster_05","Lsat_1_v5_gn_6_69320","GO:0005840"
"Cluster_05","Lsat_1_v5_gn_6_69320","GO:0006412"
"Cluster_05","Lsat_1_v5_gn_6_71461","GO:0005515"
"Cluster_05","Lsat_1_v5_gn_6_73261","GO:0005737"
"Cluster_05","Lsat_1_v5_gn_6_73261","GO:0017183"
"Cluster_05","Lsat_1_v5_gn_6_75140","GO:0008171"
"Cluster_05","Lsat_1_v5_gn_6_75140","GO:0046983"
"Cluster_05","Lsat_1_v5_gn_6_7700","GO:0004672"
"Cluster_05","Lsat_1_v5_gn_6_7700","GO:0005524"
"Cluster_05","Lsat_1_v5_gn_6_7700","GO:0006468"
"Cluster_05","Lsat_1_v5_gn_6_77481","GO:0003824"
"Cluster_05","Lsat_1_v5_gn_6_77481","GO:0005992"
"Cluster_05","Lsat_1_v5_gn_6_81681","GO:0005515"
"Cluster_05","Lsat_1_v5_gn_6_81681","GO:0005524"
"Cluster_05","Lsat_1_v5_gn_6_81681","GO:0005634"
"Cluster_05","Lsat_1_v5_gn_6_81681","GO:0006355"
"Cluster_05","Lsat_1_v5_gn_6_81681","GO:0016818"
"Cluster_05","Lsat_1_v5_gn_6_82980","GO:0005515"
"Cluster_05","Lsat_1_v5_gn_6_82980","GO:0008270"
"Cluster_05","Lsat_1_v5_gn_6_87040","GO:0044237"
"Cluster_05","Lsat_1_v5_gn_6_93401","GO:0003682"
"Cluster_05","Lsat_1_v5_gn_6_97801","GO:0008152"
"Cluster_05","Lsat_1_v5_gn_6_97801","GO:0016758"
"Cluster_05","Lsat_1_v5_gn_6_98601","GO:0005199"
"Cluster_05","Lsat_1_v5_gn_6_98601","GO:0009664"
"Cluster_05","Lsat_1_v5_gn_6_98781","GO:0003676"
"Cluster_05","Lsat_1_v5_gn_6_98781","GO:0008270"
"Cluster_05","Lsat_1_v5_gn_6_99120","GO:0008152"
"Cluster_05","Lsat_1_v5_gn_6_99120","GO:0016758"
"Cluster_05","Lsat_1_v5_gn_7_100200","GO:0016021"
"Cluster_05","Lsat_1_v5_gn_7_105841","GO:0006950"
"Cluster_05","Lsat_1_v5_gn_7_108060","GO:0000786"
"Cluster_05","Lsat_1_v5_gn_7_108060","GO:0003677"
"Cluster_05","Lsat_1_v5_gn_7_108060","GO:0005634"
"Cluster_05","Lsat_1_v5_gn_7_108060","GO:0006334"
"Cluster_05","Lsat_1_v5_gn_7_108540","GO:0005515"
"Cluster_05","Lsat_1_v5_gn_7_108540","GO:0008270"
"Cluster_05","Lsat_1_v5_gn_7_108681","GO:0003676"
"Cluster_05","Lsat_1_v5_gn_7_110220","GO:0005506"
"Cluster_05","Lsat_1_v5_gn_7_110220","GO:0009055"
"Cluster_05","Lsat_1_v5_gn_7_110220","GO:0015979"
"Cluster_05","Lsat_1_v5_gn_7_110220","GO:0020037"
"Cluster_05","Lsat_1_v5_gn_7_110220","GO:0031361"
"Cluster_05","Lsat_1_v5_gn_7_111061","GO:0003676"
"Cluster_05","Lsat_1_v5_gn_7_111061","GO:0008270"
"Cluster_05","Lsat_1_v5_gn_7_111881","GO:0004672"
"Cluster_05","Lsat_1_v5_gn_7_111881","GO:0005524"
"Cluster_05","Lsat_1_v5_gn_7_111881","GO:0006468"
"Cluster_05","Lsat_1_v5_gn_7_114541","GO:0000226"
"Cluster_05","Lsat_1_v5_gn_7_114541","GO:0000910"
"Cluster_05","Lsat_1_v5_gn_7_114541","GO:0008017"
"Cluster_05","Lsat_1_v5_gn_7_115500","GO:0005515"
"Cluster_05","Lsat_1_v5_gn_7_13740","GO:0005215"
"Cluster_05","Lsat_1_v5_gn_7_13740","GO:0006814"
"Cluster_05","Lsat_1_v5_gn_7_13740","GO:0016020"
"Cluster_05","Lsat_1_v5_gn_7_13740","GO:0055085"
"Cluster_05","Lsat_1_v5_gn_7_14940","GO:0005515"
"Cluster_05","Lsat_1_v5_gn_7_18241","GO:0046983"
"Cluster_05","Lsat_1_v5_gn_7_20701","GO:0016020"
"Cluster_05","Lsat_1_v5_gn_7_20701","GO:0016021"
"Cluster_05","Lsat_1_v5_gn_7_20701","GO:0022857"
"Cluster_05","Lsat_1_v5_gn_7_20701","GO:0022891"
"Cluster_05","Lsat_1_v5_gn_7_20701","GO:0055085"
"Cluster_05","Lsat_1_v5_gn_7_24281","GO:0003735"
"Cluster_05","Lsat_1_v5_gn_7_24281","GO:0005622"
"Cluster_05","Lsat_1_v5_gn_7_24281","GO:0005840"
"Cluster_05","Lsat_1_v5_gn_7_24281","GO:0006412"
"Cluster_05","Lsat_1_v5_gn_7_29481","GO:0003676"
"Cluster_05","Lsat_1_v5_gn_7_29481","GO:0008270"
"Cluster_05","Lsat_1_v5_gn_7_31280","GO:0015031"
"Cluster_05","Lsat_1_v5_gn_7_32861","GO:0046983"
"Cluster_05","Lsat_1_v5_gn_7_33601","GO:0005515"
"Cluster_05","Lsat_1_v5_gn_7_33601","GO:0008270"
"Cluster_05","Lsat_1_v5_gn_7_34581","GO:0003676"
"Cluster_05","Lsat_1_v5_gn_7_34581","GO:0004386"
"Cluster_05","Lsat_1_v5_gn_7_34581","GO:0005524"
"Cluster_05","Lsat_1_v5_gn_7_34581","GO:0008026"
"Cluster_05","Lsat_1_v5_gn_7_34801","GO:0005515"
"Cluster_05","Lsat_1_v5_gn_7_34801","GO:0008270"
"Cluster_05","Lsat_1_v5_gn_7_35460","GO:0003777"
"Cluster_05","Lsat_1_v5_gn_7_35460","GO:0005524"
"Cluster_05","Lsat_1_v5_gn_7_35460","GO:0005875"
"Cluster_05","Lsat_1_v5_gn_7_35460","GO:0007018"
"Cluster_05","Lsat_1_v5_gn_7_37861","GO:0005737"
"Cluster_05","Lsat_1_v5_gn_7_37861","GO:0006479"
"Cluster_05","Lsat_1_v5_gn_7_37861","GO:0008168"
"Cluster_05","Lsat_1_v5_gn_7_37861","GO:0008276"
"Cluster_05","Lsat_1_v5_gn_7_38100","GO:0003735"
"Cluster_05","Lsat_1_v5_gn_7_38100","GO:0005622"
"Cluster_05","Lsat_1_v5_gn_7_38100","GO:0005840"
"Cluster_05","Lsat_1_v5_gn_7_38100","GO:0006412"
"Cluster_05","Lsat_1_v5_gn_7_38301","GO:0009522"
"Cluster_05","Lsat_1_v5_gn_7_38301","GO:0009579"
"Cluster_05","Lsat_1_v5_gn_7_38301","GO:0015979"
"Cluster_05","Lsat_1_v5_gn_7_38301","GO:0016021"
"Cluster_05","Lsat_1_v5_gn_7_39400","GO:0006855"
"Cluster_05","Lsat_1_v5_gn_7_39400","GO:0015238"
"Cluster_05","Lsat_1_v5_gn_7_39400","GO:0015297"
"Cluster_05","Lsat_1_v5_gn_7_39400","GO:0016020"
"Cluster_05","Lsat_1_v5_gn_7_39400","GO:0055085"
"Cluster_05","Lsat_1_v5_gn_7_43860","GO:0005507"
"Cluster_05","Lsat_1_v5_gn_7_43860","GO:0009055"
"Cluster_05","Lsat_1_v5_gn_7_45481","GO:0005215"
"Cluster_05","Lsat_1_v5_gn_7_45481","GO:0006810"
"Cluster_05","Lsat_1_v5_gn_7_45481","GO:0016020"
"Cluster_05","Lsat_1_v5_gn_7_47701","GO:0016021"
"Cluster_05","Lsat_1_v5_gn_7_4861","GO:0005506"
"Cluster_05","Lsat_1_v5_gn_7_4861","GO:0009055"
"Cluster_05","Lsat_1_v5_gn_7_4861","GO:0016705"
"Cluster_05","Lsat_1_v5_gn_7_4861","GO:0020037"
"Cluster_05","Lsat_1_v5_gn_7_4861","GO:0055114"
"Cluster_05","Lsat_1_v5_gn_7_53440","GO:0003735"
"Cluster_05","Lsat_1_v5_gn_7_53440","GO:0005622"
"Cluster_05","Lsat_1_v5_gn_7_53440","GO:0005840"
"Cluster_05","Lsat_1_v5_gn_7_53440","GO:0006412"
"Cluster_05","Lsat_1_v5_gn_7_54561","GO:0000786"
"Cluster_05","Lsat_1_v5_gn_7_54561","GO:0003677"
"Cluster_05","Lsat_1_v5_gn_7_54561","GO:0005634"
"Cluster_05","Lsat_1_v5_gn_7_54561","GO:0006334"
"Cluster_05","Lsat_1_v5_gn_7_58281","GO:0000166"
"Cluster_05","Lsat_1_v5_gn_7_58281","GO:0006812"
"Cluster_05","Lsat_1_v5_gn_7_58281","GO:0016021"
"Cluster_05","Lsat_1_v5_gn_7_58281","GO:0019829"
"Cluster_05","Lsat_1_v5_gn_7_58281","GO:0030001"
"Cluster_05","Lsat_1_v5_gn_7_58281","GO:0046872"
"Cluster_05","Lsat_1_v5_gn_7_65541","GO:0003676"
"Cluster_05","Lsat_1_v5_gn_7_68801","GO:0015986"
"Cluster_05","Lsat_1_v5_gn_7_68801","GO:0045261"
"Cluster_05","Lsat_1_v5_gn_7_68801","GO:0046933"
"Cluster_05","Lsat_1_v5_gn_7_68801","GO:0046961"
"Cluster_05","Lsat_1_v5_gn_7_68960","GO:0006284"
"Cluster_05","Lsat_1_v5_gn_7_74820","GO:0005215"
"Cluster_05","Lsat_1_v5_gn_7_74820","GO:0006810"
"Cluster_05","Lsat_1_v5_gn_7_74820","GO:0016020"
"Cluster_05","Lsat_1_v5_gn_7_76981","GO:0006397"
"Cluster_05","Lsat_1_v5_gn_7_77240","GO:0005507"
"Cluster_05","Lsat_1_v5_gn_7_77240","GO:0016491"
"Cluster_05","Lsat_1_v5_gn_7_77240","GO:0055114"
"Cluster_05","Lsat_1_v5_gn_7_80501","GO:0004609"
"Cluster_05","Lsat_1_v5_gn_7_80501","GO:0005509"
"Cluster_05","Lsat_1_v5_gn_7_80501","GO:0008654"
"Cluster_05","Lsat_1_v5_gn_7_85120","GO:0003684"
"Cluster_05","Lsat_1_v5_gn_7_85120","GO:0003887"
"Cluster_05","Lsat_1_v5_gn_7_85120","GO:0004553"
"Cluster_05","Lsat_1_v5_gn_7_85120","GO:0005975"
"Cluster_05","Lsat_1_v5_gn_7_85120","GO:0006281"
"Cluster_05","Lsat_1_v5_gn_7_85260","GO:0005515"
"Cluster_05","Lsat_1_v5_gn_7_91241","GO:0003676"
"Cluster_05","Lsat_1_v5_gn_7_92500","GO:0005507"
"Cluster_05","Lsat_1_v5_gn_7_92500","GO:0016491"
"Cluster_05","Lsat_1_v5_gn_7_92500","GO:0055114"
"Cluster_05","Lsat_1_v5_gn_7_96100","GO:0004797"
"Cluster_05","Lsat_1_v5_gn_7_96100","GO:0005524"
"Cluster_05","Lsat_1_v5_gn_7_9700","GO:0003824"
"Cluster_05","Lsat_1_v5_gn_7_9700","GO:0005975"
"Cluster_05","Lsat_1_v5_gn_7_9700","GO:0016857"
"Cluster_05","Lsat_1_v5_gn_7_9700","GO:0044237"
"Cluster_05","Lsat_1_v5_gn_7_9700","GO:0050662"
"Cluster_05","Lsat_1_v5_gn_7_97100","GO:0004345"
"Cluster_05","Lsat_1_v5_gn_7_97100","GO:0006006"
"Cluster_05","Lsat_1_v5_gn_7_97100","GO:0050661"
"Cluster_05","Lsat_1_v5_gn_7_97100","GO:0055114"
"Cluster_05","Lsat_1_v5_gn_7_97260","GO:0005515"
"Cluster_05","Lsat_1_v5_gn_7_97260","GO:0008270"
"Cluster_05","Lsat_1_v5_gn_7_9821","GO:0003735"
"Cluster_05","Lsat_1_v5_gn_7_9821","GO:0005622"
"Cluster_05","Lsat_1_v5_gn_7_9821","GO:0005840"
"Cluster_05","Lsat_1_v5_gn_7_9821","GO:0006412"
"Cluster_05","Lsat_1_v5_gn_8_100200","GO:0008152"
"Cluster_05","Lsat_1_v5_gn_8_100200","GO:0016758"
"Cluster_05","Lsat_1_v5_gn_8_102821","GO:0006826"
"Cluster_05","Lsat_1_v5_gn_8_102821","GO:0006879"
"Cluster_05","Lsat_1_v5_gn_8_102821","GO:0008199"
"Cluster_05","Lsat_1_v5_gn_8_10381","GO:0003735"
"Cluster_05","Lsat_1_v5_gn_8_10381","GO:0005840"
"Cluster_05","Lsat_1_v5_gn_8_10381","GO:0006412"
"Cluster_05","Lsat_1_v5_gn_8_109261","GO:0003735"
"Cluster_05","Lsat_1_v5_gn_8_109261","GO:0005622"
"Cluster_05","Lsat_1_v5_gn_8_109261","GO:0005840"
"Cluster_05","Lsat_1_v5_gn_8_109261","GO:0006412"
"Cluster_05","Lsat_1_v5_gn_8_11001","GO:0009521"
"Cluster_05","Lsat_1_v5_gn_8_11001","GO:0009767"
"Cluster_05","Lsat_1_v5_gn_8_11001","GO:0016020"
"Cluster_05","Lsat_1_v5_gn_8_11001","GO:0016168"
"Cluster_05","Lsat_1_v5_gn_8_11001","GO:0019684"
"Cluster_05","Lsat_1_v5_gn_8_111061","GO:0004672"
"Cluster_05","Lsat_1_v5_gn_8_111061","GO:0006468"
"Cluster_05","Lsat_1_v5_gn_8_11160","GO:0008270"
"Cluster_05","Lsat_1_v5_gn_8_11160","GO:0016491"
"Cluster_05","Lsat_1_v5_gn_8_11160","GO:0016747"
"Cluster_05","Lsat_1_v5_gn_8_11160","GO:0055114"
"Cluster_05","Lsat_1_v5_gn_8_111680","GO:0015002"
"Cluster_05","Lsat_1_v5_gn_8_111680","GO:0016020"
"Cluster_05","Lsat_1_v5_gn_8_111680","GO:0019646"
"Cluster_05","Lsat_1_v5_gn_8_115900","GO:0003700"
"Cluster_05","Lsat_1_v5_gn_8_115900","GO:0006355"
"Cluster_05","Lsat_1_v5_gn_8_115900","GO:0043565"
"Cluster_05","Lsat_1_v5_gn_8_122301","GO:0005524"
"Cluster_05","Lsat_1_v5_gn_8_122301","GO:0015991"
"Cluster_05","Lsat_1_v5_gn_8_122301","GO:0015992"
"Cluster_05","Lsat_1_v5_gn_8_122301","GO:0016820"
"Cluster_05","Lsat_1_v5_gn_8_122301","GO:0033178"
"Cluster_05","Lsat_1_v5_gn_8_122301","GO:0046034"
"Cluster_05","Lsat_1_v5_gn_8_123201","GO:0005215"
"Cluster_05","Lsat_1_v5_gn_8_123201","GO:0006810"
"Cluster_05","Lsat_1_v5_gn_8_123201","GO:0016020"
"Cluster_05","Lsat_1_v5_gn_8_12440","GO:0005515"
"Cluster_05","Lsat_1_v5_gn_8_12440","GO:0016020"
"Cluster_05","Lsat_1_v5_gn_8_12580","GO:0003677"
"Cluster_05","Lsat_1_v5_gn_8_12580","GO:0006275"
"Cluster_05","Lsat_1_v5_gn_8_12580","GO:0030337"
"Cluster_05","Lsat_1_v5_gn_8_12580","GO:0043626"
"Cluster_05","Lsat_1_v5_gn_8_131821","GO:0008171"
"Cluster_05","Lsat_1_v5_gn_8_131821","GO:0046983"
"Cluster_05","Lsat_1_v5_gn_8_132021","GO:0004499"
"Cluster_05","Lsat_1_v5_gn_8_132021","GO:0050660"
"Cluster_05","Lsat_1_v5_gn_8_132021","GO:0050661"
"Cluster_05","Lsat_1_v5_gn_8_132021","GO:0055114"
"Cluster_05","Lsat_1_v5_gn_8_133220","GO:0004672"
"Cluster_05","Lsat_1_v5_gn_8_133220","GO:0006468"
"Cluster_05","Lsat_1_v5_gn_8_133980","GO:0009772"
"Cluster_05","Lsat_1_v5_gn_8_133980","GO:0019684"
"Cluster_05","Lsat_1_v5_gn_8_133980","GO:0045156"
"Cluster_05","Lsat_1_v5_gn_8_142020","GO:0005515"
"Cluster_05","Lsat_1_v5_gn_8_142020","GO:0008270"
"Cluster_05","Lsat_1_v5_gn_8_14240","GO:0003735"
"Cluster_05","Lsat_1_v5_gn_8_14240","GO:0005622"
"Cluster_05","Lsat_1_v5_gn_8_14240","GO:0005840"
"Cluster_05","Lsat_1_v5_gn_8_14240","GO:0006412"
"Cluster_05","Lsat_1_v5_gn_8_144641","GO:0003989"
"Cluster_05","Lsat_1_v5_gn_8_144641","GO:0006633"
"Cluster_05","Lsat_1_v5_gn_8_144641","GO:0009317"
"Cluster_05","Lsat_1_v5_gn_8_144641","GO:0016874"
"Cluster_05","Lsat_1_v5_gn_8_145841","GO:0009982"
"Cluster_05","Lsat_1_v5_gn_8_145841","GO:0030515"
"Cluster_05","Lsat_1_v5_gn_8_145841","GO:0031120"
"Cluster_05","Lsat_1_v5_gn_8_145841","GO:0031429"
"Cluster_05","Lsat_1_v5_gn_8_145841","GO:0042254"
"Cluster_05","Lsat_1_v5_gn_8_147560","GO:0005856"
"Cluster_05","Lsat_1_v5_gn_8_147560","GO:0006909"
"Cluster_05","Lsat_1_v5_gn_8_149221","GO:0005643"
"Cluster_05","Lsat_1_v5_gn_8_152540","GO:0003824"
"Cluster_05","Lsat_1_v5_gn_8_160220","GO:0005525"
"Cluster_05","Lsat_1_v5_gn_8_164161","GO:0006950"
"Cluster_05","Lsat_1_v5_gn_8_164281","GO:0003735"
"Cluster_05","Lsat_1_v5_gn_8_164281","GO:0005622"
"Cluster_05","Lsat_1_v5_gn_8_164281","GO:0005840"
"Cluster_05","Lsat_1_v5_gn_8_164281","GO:0006412"
"Cluster_05","Lsat_1_v5_gn_8_166400","GO:0003700"
"Cluster_05","Lsat_1_v5_gn_8_166400","GO:0006355"
"Cluster_05","Lsat_1_v5_gn_8_166400","GO:0008270"
"Cluster_05","Lsat_1_v5_gn_8_166400","GO:0043565"
"Cluster_05","Lsat_1_v5_gn_8_17501","GO:0004857"
"Cluster_05","Lsat_1_v5_gn_8_17501","GO:0030599"
"Cluster_05","Lsat_1_v5_gn_8_17780","GO:0000786"
"Cluster_05","Lsat_1_v5_gn_8_17780","GO:0003677"
"Cluster_05","Lsat_1_v5_gn_8_17780","GO:0005634"
"Cluster_05","Lsat_1_v5_gn_8_17780","GO:0006334"
"Cluster_05","Lsat_1_v5_gn_8_17840","GO:0000786"
"Cluster_05","Lsat_1_v5_gn_8_17840","GO:0003677"
"Cluster_05","Lsat_1_v5_gn_8_17840","GO:0005634"
"Cluster_05","Lsat_1_v5_gn_8_17840","GO:0006334"
"Cluster_05","Lsat_1_v5_gn_8_18040","GO:0003700"
"Cluster_05","Lsat_1_v5_gn_8_18040","GO:0006355"
"Cluster_05","Lsat_1_v5_gn_8_1961","GO:0005524"
"Cluster_05","Lsat_1_v5_gn_8_1961","GO:0015991"
"Cluster_05","Lsat_1_v5_gn_8_1961","GO:0016820"
"Cluster_05","Lsat_1_v5_gn_8_1961","GO:0033178"
"Cluster_05","Lsat_1_v5_gn_8_19961","GO:0016021"
"Cluster_05","Lsat_1_v5_gn_8_20201","GO:0003700"
"Cluster_05","Lsat_1_v5_gn_8_20201","GO:0006355"
"Cluster_05","Lsat_1_v5_gn_8_20201","GO:0008270"
"Cluster_05","Lsat_1_v5_gn_8_20201","GO:0043565"
"Cluster_05","Lsat_1_v5_gn_8_22940","GO:0003735"
"Cluster_05","Lsat_1_v5_gn_8_22940","GO:0005622"
"Cluster_05","Lsat_1_v5_gn_8_22940","GO:0005840"
"Cluster_05","Lsat_1_v5_gn_8_22940","GO:0006412"
"Cluster_05","Lsat_1_v5_gn_8_26500","GO:0000166"
"Cluster_05","Lsat_1_v5_gn_8_26500","GO:0005524"
"Cluster_05","Lsat_1_v5_gn_8_26500","GO:0009507"
"Cluster_05","Lsat_1_v5_gn_8_26500","GO:0017111"
"Cluster_05","Lsat_1_v5_gn_8_26541","GO:0009522"
"Cluster_05","Lsat_1_v5_gn_8_26541","GO:0009579"
"Cluster_05","Lsat_1_v5_gn_8_26541","GO:0015979"
"Cluster_05","Lsat_1_v5_gn_8_26541","GO:0016021"
"Cluster_05","Lsat_1_v5_gn_8_33100","GO:0004185"
"Cluster_05","Lsat_1_v5_gn_8_33100","GO:0006508"
"Cluster_05","Lsat_1_v5_gn_8_33281","GO:0009116"
"Cluster_05","Lsat_1_v5_gn_8_33960","GO:0003682"
"Cluster_05","Lsat_1_v5_gn_8_3401","GO:0006629"
"Cluster_05","Lsat_1_v5_gn_8_3401","GO:0016788"
"Cluster_05","Lsat_1_v5_gn_8_34040","GO:0006952"
"Cluster_05","Lsat_1_v5_gn_8_3821","GO:0003735"
"Cluster_05","Lsat_1_v5_gn_8_3821","GO:0005622"
"Cluster_05","Lsat_1_v5_gn_8_3821","GO:0005840"
"Cluster_05","Lsat_1_v5_gn_8_3821","GO:0006412"
"Cluster_05","Lsat_1_v5_gn_8_38320","GO:0003735"
"Cluster_05","Lsat_1_v5_gn_8_38320","GO:0005622"
"Cluster_05","Lsat_1_v5_gn_8_38320","GO:0005840"
"Cluster_05","Lsat_1_v5_gn_8_38320","GO:0006412"
"Cluster_05","Lsat_1_v5_gn_8_39180","GO:0008152"
"Cluster_05","Lsat_1_v5_gn_8_39180","GO:0016746"
"Cluster_05","Lsat_1_v5_gn_8_42581","GO:0005515"
"Cluster_05","Lsat_1_v5_gn_8_42581","GO:0008270"
"Cluster_05","Lsat_1_v5_gn_8_45621","GO:0005515"
"Cluster_05","Lsat_1_v5_gn_8_46161","GO:0016787"
"Cluster_05","Lsat_1_v5_gn_8_46840","GO:0003723"
"Cluster_05","Lsat_1_v5_gn_8_46840","GO:0003746"
"Cluster_05","Lsat_1_v5_gn_8_46840","GO:0006452"
"Cluster_05","Lsat_1_v5_gn_8_46840","GO:0008612"
"Cluster_05","Lsat_1_v5_gn_8_46840","GO:0043022"
"Cluster_05","Lsat_1_v5_gn_8_46840","GO:0045901"
"Cluster_05","Lsat_1_v5_gn_8_46840","GO:0045905"
"Cluster_05","Lsat_1_v5_gn_8_48361","GO:0005515"
"Cluster_05","Lsat_1_v5_gn_8_48361","GO:0006952"
"Cluster_05","Lsat_1_v5_gn_8_48361","GO:0007165"
"Cluster_05","Lsat_1_v5_gn_8_48361","GO:0043531"
"Cluster_05","Lsat_1_v5_gn_8_51160","GO:0003677"
"Cluster_05","Lsat_1_v5_gn_8_51160","GO:0006355"
"Cluster_05","Lsat_1_v5_gn_8_51160","GO:0008270"
"Cluster_05","Lsat_1_v5_gn_8_51840","GO:0003723"
"Cluster_05","Lsat_1_v5_gn_8_51840","GO:0005622"
"Cluster_05","Lsat_1_v5_gn_8_51840","GO:0019843"
"Cluster_05","Lsat_1_v5_gn_8_53660","GO:0005215"
"Cluster_05","Lsat_1_v5_gn_8_53660","GO:0006810"
"Cluster_05","Lsat_1_v5_gn_8_53660","GO:0016020"
"Cluster_05","Lsat_1_v5_gn_8_54041","GO:0006355"
"Cluster_05","Lsat_1_v5_gn_8_54041","GO:0007165"
"Cluster_05","Lsat_1_v5_gn_8_56600","GO:0003723"
"Cluster_05","Lsat_1_v5_gn_8_56600","GO:0003735"
"Cluster_05","Lsat_1_v5_gn_8_56600","GO:0005622"
"Cluster_05","Lsat_1_v5_gn_8_56600","GO:0005840"
"Cluster_05","Lsat_1_v5_gn_8_56600","GO:0006412"
"Cluster_05","Lsat_1_v5_gn_8_56761","GO:0005515"
"Cluster_05","Lsat_1_v5_gn_8_57600","GO:0005750"
"Cluster_05","Lsat_1_v5_gn_8_57600","GO:0006122"
"Cluster_05","Lsat_1_v5_gn_8_5900","GO:0005524"
"Cluster_05","Lsat_1_v5_gn_8_5900","GO:0015991"
"Cluster_05","Lsat_1_v5_gn_8_5900","GO:0015992"
"Cluster_05","Lsat_1_v5_gn_8_5900","GO:0016820"
"Cluster_05","Lsat_1_v5_gn_8_5900","GO:0033178"
"Cluster_05","Lsat_1_v5_gn_8_5900","GO:0046034"
"Cluster_05","Lsat_1_v5_gn_8_59100","GO:0003723"
"Cluster_05","Lsat_1_v5_gn_8_59100","GO:0005730"
"Cluster_05","Lsat_1_v5_gn_8_61301","GO:0008152"
"Cluster_05","Lsat_1_v5_gn_8_61301","GO:0016491"
"Cluster_05","Lsat_1_v5_gn_8_65761","GO:0005515"
"Cluster_05","Lsat_1_v5_gn_8_65761","GO:0008270"
"Cluster_05","Lsat_1_v5_gn_8_66800","GO:0000786"
"Cluster_05","Lsat_1_v5_gn_8_66800","GO:0003677"
"Cluster_05","Lsat_1_v5_gn_8_66800","GO:0005634"
"Cluster_05","Lsat_1_v5_gn_8_66800","GO:0006334"
"Cluster_05","Lsat_1_v5_gn_8_67060","GO:0005741"
"Cluster_05","Lsat_1_v5_gn_8_67060","GO:0055085"
"Cluster_05","Lsat_1_v5_gn_8_69001","GO:0005515"
"Cluster_05","Lsat_1_v5_gn_8_75640","GO:0005515"
"Cluster_05","Lsat_1_v5_gn_8_77080","GO:0033743"
"Cluster_05","Lsat_1_v5_gn_8_77080","GO:0055114"
"Cluster_05","Lsat_1_v5_gn_8_77140","GO:0000105"
"Cluster_05","Lsat_1_v5_gn_8_77140","GO:0003949"
"Cluster_05","Lsat_1_v5_gn_8_77601","GO:0003924"
"Cluster_05","Lsat_1_v5_gn_8_77601","GO:0005525"
"Cluster_05","Lsat_1_v5_gn_8_77601","GO:0005622"
"Cluster_05","Lsat_1_v5_gn_8_77601","GO:0006184"
"Cluster_05","Lsat_1_v5_gn_8_77601","GO:0006886"
"Cluster_05","Lsat_1_v5_gn_8_77601","GO:0006913"
"Cluster_05","Lsat_1_v5_gn_8_77601","GO:0007165"
"Cluster_05","Lsat_1_v5_gn_8_77601","GO:0007264"
"Cluster_05","Lsat_1_v5_gn_8_77601","GO:0015031"
"Cluster_05","Lsat_1_v5_gn_8_77601","GO:0016020"
"Cluster_05","Lsat_1_v5_gn_8_77621","GO:0003735"
"Cluster_05","Lsat_1_v5_gn_8_77621","GO:0005622"
"Cluster_05","Lsat_1_v5_gn_8_77621","GO:0005840"
"Cluster_05","Lsat_1_v5_gn_8_77621","GO:0006412"
"Cluster_05","Lsat_1_v5_gn_8_77740","GO:0000786"
"Cluster_05","Lsat_1_v5_gn_8_77740","GO:0003677"
"Cluster_05","Lsat_1_v5_gn_8_77740","GO:0005634"
"Cluster_05","Lsat_1_v5_gn_8_77740","GO:0006334"
"Cluster_05","Lsat_1_v5_gn_8_77801","GO:0000786"
"Cluster_05","Lsat_1_v5_gn_8_77801","GO:0003677"
"Cluster_05","Lsat_1_v5_gn_8_77801","GO:0005634"
"Cluster_05","Lsat_1_v5_gn_8_77801","GO:0006334"
"Cluster_05","Lsat_1_v5_gn_8_77961","GO:0000786"
"Cluster_05","Lsat_1_v5_gn_8_77961","GO:0003677"
"Cluster_05","Lsat_1_v5_gn_8_77961","GO:0005634"
"Cluster_05","Lsat_1_v5_gn_8_77961","GO:0006334"
"Cluster_05","Lsat_1_v5_gn_8_78400","GO:0003700"
"Cluster_05","Lsat_1_v5_gn_8_78400","GO:0006355"
"Cluster_05","Lsat_1_v5_gn_8_80221","GO:0000287"
"Cluster_05","Lsat_1_v5_gn_8_80221","GO:0004019"
"Cluster_05","Lsat_1_v5_gn_8_80221","GO:0005525"
"Cluster_05","Lsat_1_v5_gn_8_80221","GO:0005737"
"Cluster_05","Lsat_1_v5_gn_8_80221","GO:0006164"
"Cluster_05","Lsat_1_v5_gn_8_81501","GO:0003723"
"Cluster_05","Lsat_1_v5_gn_8_81501","GO:0003735"
"Cluster_05","Lsat_1_v5_gn_8_81501","GO:0005622"
"Cluster_05","Lsat_1_v5_gn_8_81501","GO:0005840"
"Cluster_05","Lsat_1_v5_gn_8_81501","GO:0006412"
"Cluster_05","Lsat_1_v5_gn_8_87881","GO:0003735"
"Cluster_05","Lsat_1_v5_gn_8_87881","GO:0005622"
"Cluster_05","Lsat_1_v5_gn_8_87881","GO:0005840"
"Cluster_05","Lsat_1_v5_gn_8_87881","GO:0006412"
"Cluster_05","Lsat_1_v5_gn_8_92080","GO:0005515"
"Cluster_05","Lsat_1_v5_gn_8_92080","GO:0005634"
"Cluster_05","Lsat_1_v5_gn_8_92080","GO:0008270"
"Cluster_05","Lsat_1_v5_gn_8_92080","GO:0018024"
"Cluster_05","Lsat_1_v5_gn_8_92080","GO:0034968"
"Cluster_05","Lsat_1_v5_gn_8_92380","GO:0015031"
"Cluster_05","Lsat_1_v5_gn_8_94420","GO:0000786"
"Cluster_05","Lsat_1_v5_gn_8_94420","GO:0003677"
"Cluster_05","Lsat_1_v5_gn_8_94420","GO:0005634"
"Cluster_05","Lsat_1_v5_gn_8_94420","GO:0006334"
"Cluster_05","Lsat_1_v5_gn_8_94761","GO:0003824"
"Cluster_05","Lsat_1_v5_gn_8_94761","GO:0008152"
"Cluster_05","Lsat_1_v5_gn_8_95700","GO:0005634"
"Cluster_05","Lsat_1_v5_gn_8_95700","GO:0006355"
"Cluster_05","Lsat_1_v5_gn_8_98561","GO:0003735"
"Cluster_05","Lsat_1_v5_gn_8_98561","GO:0005622"
"Cluster_05","Lsat_1_v5_gn_8_98561","GO:0005840"
"Cluster_05","Lsat_1_v5_gn_8_98561","GO:0006412"
"Cluster_05","Lsat_1_v5_gn_8_98561","GO:0008097"
"Cluster_05","Lsat_1_v5_gn_9_100441","GO:0016021"
"Cluster_05","Lsat_1_v5_gn_9_10141","GO:0003676"
"Cluster_05","Lsat_1_v5_gn_9_101600","GO:0004672"
"Cluster_05","Lsat_1_v5_gn_9_101600","GO:0005524"
"Cluster_05","Lsat_1_v5_gn_9_101600","GO:0006468"
"Cluster_05","Lsat_1_v5_gn_9_102320","GO:0004097"
"Cluster_05","Lsat_1_v5_gn_9_102320","GO:0008152"
"Cluster_05","Lsat_1_v5_gn_9_102320","GO:0016491"
"Cluster_05","Lsat_1_v5_gn_9_102320","GO:0055114"
"Cluster_05","Lsat_1_v5_gn_9_102560","GO:0005515"
"Cluster_05","Lsat_1_v5_gn_9_103320","GO:0003746"
"Cluster_05","Lsat_1_v5_gn_9_103320","GO:0005622"
"Cluster_05","Lsat_1_v5_gn_9_103320","GO:0006414"
"Cluster_05","Lsat_1_v5_gn_9_104061","GO:0005515"
"Cluster_05","Lsat_1_v5_gn_9_10660","GO:0003735"
"Cluster_05","Lsat_1_v5_gn_9_10660","GO:0005622"
"Cluster_05","Lsat_1_v5_gn_9_10660","GO:0005840"
"Cluster_05","Lsat_1_v5_gn_9_10660","GO:0006412"
"Cluster_05","Lsat_1_v5_gn_9_107640","GO:0016787"
"Cluster_05","Lsat_1_v5_gn_9_110921","GO:0003735"
"Cluster_05","Lsat_1_v5_gn_9_110921","GO:0005622"
"Cluster_05","Lsat_1_v5_gn_9_110921","GO:0005840"
"Cluster_05","Lsat_1_v5_gn_9_110921","GO:0006412"
"Cluster_05","Lsat_1_v5_gn_9_111421","GO:0003899"
"Cluster_05","Lsat_1_v5_gn_9_111421","GO:0006351"
"Cluster_05","Lsat_1_v5_gn_9_111421","GO:0046983"
"Cluster_05","Lsat_1_v5_gn_9_112421","GO:0003735"
"Cluster_05","Lsat_1_v5_gn_9_112421","GO:0005622"
"Cluster_05","Lsat_1_v5_gn_9_112421","GO:0005840"
"Cluster_05","Lsat_1_v5_gn_9_112421","GO:0006412"
"Cluster_05","Lsat_1_v5_gn_9_11361","GO:0003735"
"Cluster_05","Lsat_1_v5_gn_9_11361","GO:0005840"
"Cluster_05","Lsat_1_v5_gn_9_11361","GO:0006412"
"Cluster_05","Lsat_1_v5_gn_9_116360","GO:0005622"
"Cluster_05","Lsat_1_v5_gn_9_116360","GO:0042254"
"Cluster_05","Lsat_1_v5_gn_9_118221","GO:0005789"
"Cluster_05","Lsat_1_v5_gn_9_118221","GO:0006506"
"Cluster_05","Lsat_1_v5_gn_9_118221","GO:0016021"
"Cluster_05","Lsat_1_v5_gn_9_118221","GO:0016758"
"Cluster_05","Lsat_1_v5_gn_9_122141","GO:0030410"
"Cluster_05","Lsat_1_v5_gn_9_122141","GO:0030418"
"Cluster_05","Lsat_1_v5_gn_9_13401","GO:0003735"
"Cluster_05","Lsat_1_v5_gn_9_13401","GO:0005840"
"Cluster_05","Lsat_1_v5_gn_9_13401","GO:0006412"
"Cluster_05","Lsat_1_v5_gn_9_17201","GO:0003735"
"Cluster_05","Lsat_1_v5_gn_9_17201","GO:0005622"
"Cluster_05","Lsat_1_v5_gn_9_17201","GO:0005840"
"Cluster_05","Lsat_1_v5_gn_9_17201","GO:0006412"
"Cluster_05","Lsat_1_v5_gn_9_17201","GO:0008097"
"Cluster_05","Lsat_1_v5_gn_9_18041","GO:0003735"
"Cluster_05","Lsat_1_v5_gn_9_18041","GO:0005622"
"Cluster_05","Lsat_1_v5_gn_9_18041","GO:0005840"
"Cluster_05","Lsat_1_v5_gn_9_18041","GO:0006412"
"Cluster_05","Lsat_1_v5_gn_9_20640","GO:0009055"
"Cluster_05","Lsat_1_v5_gn_9_20640","GO:0015035"
"Cluster_05","Lsat_1_v5_gn_9_20640","GO:0045454"
"Cluster_05","Lsat_1_v5_gn_9_22420","GO:0000786"
"Cluster_05","Lsat_1_v5_gn_9_22420","GO:0003677"
"Cluster_05","Lsat_1_v5_gn_9_22420","GO:0005634"
"Cluster_05","Lsat_1_v5_gn_9_22420","GO:0006334"
"Cluster_05","Lsat_1_v5_gn_9_23080","GO:0003677"
"Cluster_05","Lsat_1_v5_gn_9_23080","GO:0006355"
"Cluster_05","Lsat_1_v5_gn_9_23080","GO:0008270"
"Cluster_05","Lsat_1_v5_gn_9_25361","GO:0003924"
"Cluster_05","Lsat_1_v5_gn_9_25361","GO:0005200"
"Cluster_05","Lsat_1_v5_gn_9_25361","GO:0005525"
"Cluster_05","Lsat_1_v5_gn_9_25361","GO:0005874"
"Cluster_05","Lsat_1_v5_gn_9_25361","GO:0006184"
"Cluster_05","Lsat_1_v5_gn_9_25361","GO:0007017"
"Cluster_05","Lsat_1_v5_gn_9_25361","GO:0043234"
"Cluster_05","Lsat_1_v5_gn_9_25361","GO:0051258"
"Cluster_05","Lsat_1_v5_gn_9_30741","GO:0005525"
"Cluster_05","Lsat_1_v5_gn_9_31040","GO:0003735"
"Cluster_05","Lsat_1_v5_gn_9_31040","GO:0005622"
"Cluster_05","Lsat_1_v5_gn_9_31040","GO:0005840"
"Cluster_05","Lsat_1_v5_gn_9_31040","GO:0006414"
"Cluster_05","Lsat_1_v5_gn_9_320","GO:0003735"
"Cluster_05","Lsat_1_v5_gn_9_320","GO:0005622"
"Cluster_05","Lsat_1_v5_gn_9_320","GO:0005840"
"Cluster_05","Lsat_1_v5_gn_9_320","GO:0006412"
"Cluster_05","Lsat_1_v5_gn_9_3421","GO:0003735"
"Cluster_05","Lsat_1_v5_gn_9_3421","GO:0005622"
"Cluster_05","Lsat_1_v5_gn_9_3421","GO:0005840"
"Cluster_05","Lsat_1_v5_gn_9_3421","GO:0006412"
"Cluster_05","Lsat_1_v5_gn_9_39001","GO:0004672"
"Cluster_05","Lsat_1_v5_gn_9_39001","GO:0006468"
"Cluster_05","Lsat_1_v5_gn_9_41900","GO:0003735"
"Cluster_05","Lsat_1_v5_gn_9_41900","GO:0005622"
"Cluster_05","Lsat_1_v5_gn_9_41900","GO:0005840"
"Cluster_05","Lsat_1_v5_gn_9_41900","GO:0006412"
"Cluster_05","Lsat_1_v5_gn_9_42620","GO:0003779"
"Cluster_05","Lsat_1_v5_gn_9_42620","GO:0005737"
"Cluster_05","Lsat_1_v5_gn_9_42620","GO:0008290"
"Cluster_05","Lsat_1_v5_gn_9_42620","GO:0030036"
"Cluster_05","Lsat_1_v5_gn_9_42620","GO:0071203"
"Cluster_05","Lsat_1_v5_gn_9_46181","GO:0005634"
"Cluster_05","Lsat_1_v5_gn_9_46181","GO:0006260"
"Cluster_05","Lsat_1_v5_gn_9_50240","GO:0004672"
"Cluster_05","Lsat_1_v5_gn_9_50240","GO:0005524"
"Cluster_05","Lsat_1_v5_gn_9_50240","GO:0006468"
"Cluster_05","Lsat_1_v5_gn_9_50981","GO:0004252"
"Cluster_05","Lsat_1_v5_gn_9_50981","GO:0006508"
"Cluster_05","Lsat_1_v5_gn_9_51020","GO:0016020"
"Cluster_05","Lsat_1_v5_gn_9_51020","GO:0022904"
"Cluster_05","Lsat_1_v5_gn_9_51840","GO:0003735"
"Cluster_05","Lsat_1_v5_gn_9_51840","GO:0005840"
"Cluster_05","Lsat_1_v5_gn_9_51840","GO:0006412"
"Cluster_05","Lsat_1_v5_gn_9_52180","GO:0005507"
"Cluster_05","Lsat_1_v5_gn_9_52180","GO:0016491"
"Cluster_05","Lsat_1_v5_gn_9_52180","GO:0055114"
"Cluster_05","Lsat_1_v5_gn_9_52620","GO:0006457"
"Cluster_05","Lsat_1_v5_gn_9_52781","GO:0004672"
"Cluster_05","Lsat_1_v5_gn_9_52781","GO:0005524"
"Cluster_05","Lsat_1_v5_gn_9_52781","GO:0006468"
"Cluster_05","Lsat_1_v5_gn_9_5400","GO:0006950"
"Cluster_05","Lsat_1_v5_gn_9_55361","GO:0003735"
"Cluster_05","Lsat_1_v5_gn_9_55361","GO:0005622"
"Cluster_05","Lsat_1_v5_gn_9_55361","GO:0005840"
"Cluster_05","Lsat_1_v5_gn_9_55361","GO:0006412"
"Cluster_05","Lsat_1_v5_gn_9_5540","GO:0003735"
"Cluster_05","Lsat_1_v5_gn_9_5540","GO:0005622"
"Cluster_05","Lsat_1_v5_gn_9_5540","GO:0005840"
"Cluster_05","Lsat_1_v5_gn_9_5540","GO:0006412"
"Cluster_05","Lsat_1_v5_gn_9_5680","GO:0003735"
"Cluster_05","Lsat_1_v5_gn_9_5680","GO:0005622"
"Cluster_05","Lsat_1_v5_gn_9_5680","GO:0005840"
"Cluster_05","Lsat_1_v5_gn_9_5680","GO:0006412"
"Cluster_05","Lsat_1_v5_gn_9_56860","GO:0005743"
"Cluster_05","Lsat_1_v5_gn_9_56860","GO:0016651"
"Cluster_05","Lsat_1_v5_gn_9_56860","GO:0022904"
"Cluster_05","Lsat_1_v5_gn_9_57541","GO:0003723"
"Cluster_05","Lsat_1_v5_gn_9_57541","GO:0006364"
"Cluster_05","Lsat_1_v5_gn_9_57541","GO:0008033"
"Cluster_05","Lsat_1_v5_gn_9_57541","GO:0008168"
"Cluster_05","Lsat_1_v5_gn_9_58560","GO:0003676"
"Cluster_05","Lsat_1_v5_gn_9_5920","GO:0004553"
"Cluster_05","Lsat_1_v5_gn_9_5920","GO:0005975"
"Cluster_05","Lsat_1_v5_gn_9_5941","GO:0003677"
"Cluster_05","Lsat_1_v5_gn_9_5941","GO:0003899"
"Cluster_05","Lsat_1_v5_gn_9_5941","GO:0006351"
"Cluster_05","Lsat_1_v5_gn_9_60700","GO:0004672"
"Cluster_05","Lsat_1_v5_gn_9_60700","GO:0005524"
"Cluster_05","Lsat_1_v5_gn_9_60700","GO:0006468"
"Cluster_05","Lsat_1_v5_gn_9_63021","GO:0005089"
"Cluster_05","Lsat_1_v5_gn_9_63921","GO:0008152"
"Cluster_05","Lsat_1_v5_gn_9_63921","GO:0016491"
"Cluster_05","Lsat_1_v5_gn_9_6640","GO:0008152"
"Cluster_05","Lsat_1_v5_gn_9_68280","GO:0006662"
"Cluster_05","Lsat_1_v5_gn_9_68280","GO:0009055"
"Cluster_05","Lsat_1_v5_gn_9_68280","GO:0015035"
"Cluster_05","Lsat_1_v5_gn_9_68280","GO:0045454"
"Cluster_05","Lsat_1_v5_gn_9_69841","GO:0004190"
"Cluster_05","Lsat_1_v5_gn_9_69841","GO:0006508"
"Cluster_05","Lsat_1_v5_gn_9_69940","GO:0003777"
"Cluster_05","Lsat_1_v5_gn_9_69940","GO:0005524"
"Cluster_05","Lsat_1_v5_gn_9_69940","GO:0005875"
"Cluster_05","Lsat_1_v5_gn_9_69940","GO:0007018"
"Cluster_05","Lsat_1_v5_gn_9_71120","GO:0000166"
"Cluster_05","Lsat_1_v5_gn_9_71120","GO:0005524"
"Cluster_05","Lsat_1_v5_gn_9_71120","GO:0017111"
"Cluster_05","Lsat_1_v5_gn_9_71381","GO:0000786"
"Cluster_05","Lsat_1_v5_gn_9_71381","GO:0003677"
"Cluster_05","Lsat_1_v5_gn_9_71381","GO:0005634"
"Cluster_05","Lsat_1_v5_gn_9_71381","GO:0006334"
"Cluster_05","Lsat_1_v5_gn_9_71400","GO:0000786"
"Cluster_05","Lsat_1_v5_gn_9_71400","GO:0003677"
"Cluster_05","Lsat_1_v5_gn_9_71400","GO:0005634"
"Cluster_05","Lsat_1_v5_gn_9_71400","GO:0006334"
"Cluster_05","Lsat_1_v5_gn_9_72801","GO:0003735"
"Cluster_05","Lsat_1_v5_gn_9_72801","GO:0005622"
"Cluster_05","Lsat_1_v5_gn_9_72801","GO:0005840"
"Cluster_05","Lsat_1_v5_gn_9_72801","GO:0006412"
"Cluster_05","Lsat_1_v5_gn_9_78540","GO:0005515"
"Cluster_05","Lsat_1_v5_gn_9_78540","GO:0005524"
"Cluster_05","Lsat_1_v5_gn_9_78540","GO:0005634"
"Cluster_05","Lsat_1_v5_gn_9_78540","GO:0006355"
"Cluster_05","Lsat_1_v5_gn_9_78540","GO:0016818"
"Cluster_05","Lsat_1_v5_gn_9_87701","GO:0003735"
"Cluster_05","Lsat_1_v5_gn_9_87701","GO:0005622"
"Cluster_05","Lsat_1_v5_gn_9_87701","GO:0005840"
"Cluster_05","Lsat_1_v5_gn_9_87701","GO:0006412"
"Cluster_05","Lsat_1_v5_gn_9_93200","GO:0003700"
"Cluster_05","Lsat_1_v5_gn_9_93200","GO:0006355"
"Cluster_05","Lsat_1_v5_gn_9_93860","GO:0008152"
"Cluster_05","Lsat_1_v5_gn_9_94880","GO:0003735"
"Cluster_05","Lsat_1_v5_gn_9_94880","GO:0005622"
"Cluster_05","Lsat_1_v5_gn_9_94880","GO:0005840"
"Cluster_05","Lsat_1_v5_gn_9_94880","GO:0006412"
"Cluster_05","Lsat_1_v5_gn_9_97121","GO:0005525"
"Cluster_05","Lsat_1_v5_gn_9_97121","GO:0005730"
